-1.234294357299804688e+02 4.685966491699218750e+01
-1.234241180419921875e+02 4.686154556274414062e+01
-1.234188003540039062e+02 4.686342620849609375e+01
-1.234134826660156250e+02 4.686530685424804688e+01
-1.234081649780273438e+02 4.686718750000000000e+01
-1.234028472900390625e+02 4.686906433105468750e+01
-1.233975296020507812e+02 4.687094497680664062e+01
-1.233922119140625000e+02 4.687282562255859375e+01
-1.233868942260742188e+02 4.687470626831054688e+01
-1.233815765380859375e+02 4.687658309936523438e+01
-1.233762588500976562e+02 4.687846374511718750e+01
-1.233709411621093750e+02 4.688034439086914062e+01
-1.233656234741210938e+02 4.688222503662109375e+01
-1.233603057861328125e+02 4.688410186767578125e+01
-1.233549880981445312e+02 4.688598251342773438e+01
-1.233496704101562500e+02 4.688786315917968750e+01
-1.233443527221679688e+02 4.688973999023437500e+01
-1.233390350341796875e+02 4.689162063598632812e+01
-1.233337173461914062e+02 4.689349746704101562e+01
-1.233283996582031250e+02 4.689537811279296875e+01
-1.233230819702148438e+02 4.689725494384765625e+01
-1.233177642822265625e+02 4.689913558959960938e+01
-1.233124465942382812e+02 4.690101242065429688e+01
-1.233071289062500000e+02 4.690289306640625000e+01
-1.233018112182617188e+02 4.690476989746093750e+01
-1.232964935302734375e+02 4.690665054321289062e+01
-1.232911758422851562e+02 4.690852737426757812e+01
-1.232858581542968750e+02 4.691040802001953125e+01
-1.232805404663085938e+02 4.691228485107421875e+01
-1.232752227783203125e+02 4.691416549682617188e+01
-1.232699050903320312e+02 4.691604232788085938e+01
-1.232645874023437500e+02 4.691791915893554688e+01
-1.232592697143554688e+02 4.691979980468750000e+01
-1.232539520263671875e+02 4.692167663574218750e+01
-1.232486343383789062e+02 4.692355346679687500e+01
-1.232433166503906250e+02 4.692543411254882812e+01
-1.232379989624023438e+02 4.692731094360351562e+01
-1.232326812744140625e+02 4.692918777465820312e+01
-1.232273635864257812e+02 4.693106460571289062e+01
-1.232220458984375000e+02 4.693294525146484375e+01
-1.232167282104492188e+02 4.693482208251953125e+01
-1.232114105224609375e+02 4.693669891357421875e+01
-1.232060928344726562e+02 4.693857574462890625e+01
-1.232007751464843750e+02 4.694045257568359375e+01
-1.231954574584960938e+02 4.694232940673828125e+01
-1.231901397705078125e+02 4.694421005249023438e+01
-1.231848220825195312e+02 4.694608688354492188e+01
-1.231795043945312500e+02 4.694796371459960938e+01
-1.231741867065429688e+02 4.694984054565429688e+01
-1.231688690185546875e+02 4.695171737670898438e+01
-1.231635513305664062e+02 4.695359420776367188e+01
-1.231582336425781250e+02 4.695547103881835938e+01
-1.231529159545898438e+02 4.695734786987304688e+01
-1.231475982666015625e+02 4.695922470092773438e+01
-1.231422805786132812e+02 4.696110153198242188e+01
-1.231369628906250000e+02 4.696297836303710938e+01
-1.231316452026367188e+02 4.696485519409179688e+01
-1.231263275146484375e+02 4.696673202514648438e+01
-1.231210098266601562e+02 4.696860504150390625e+01
-1.231156921386718750e+02 4.697048187255859375e+01
-1.231103744506835938e+02 4.697235870361328125e+01
-1.231050567626953125e+02 4.697423553466796875e+01
-1.230997390747070312e+02 4.697611236572265625e+01
-1.230944290161132812e+02 4.697798919677734375e+01
-1.230891113281250000e+02 4.697986221313476562e+01
-1.230837936401367188e+02 4.698173904418945312e+01
-1.230784759521484375e+02 4.698361587524414062e+01
-1.230731582641601562e+02 4.698549270629882812e+01
-1.230678405761718750e+02 4.698736572265625000e+01
-1.230625228881835938e+02 4.698924255371093750e+01
-1.230572052001953125e+02 4.699111938476562500e+01
-1.230518875122070312e+02 4.699299240112304688e+01
-1.230465698242187500e+02 4.699486923217773438e+01
-1.230412521362304688e+02 4.699674606323242188e+01
-1.230359344482421875e+02 4.699861907958984375e+01
-1.230306167602539062e+02 4.700049591064453125e+01
-1.230252990722656250e+02 4.700237274169921875e+01
-1.230199813842773438e+02 4.700424575805664062e+01
-1.230146636962890625e+02 4.700612258911132812e+01
-1.230093460083007812e+02 4.700799560546875000e+01
-1.230040283203125000e+02 4.700987243652343750e+01
-1.229987106323242188e+02 4.701174545288085938e+01
-1.229933929443359375e+02 4.701362228393554688e+01
-1.229880752563476562e+02 4.701549530029296875e+01
-1.229827575683593750e+02 4.701737213134765625e+01
-1.229774398803710938e+02 4.701924514770507812e+01
-1.229721221923828125e+02 4.702111816406250000e+01
-1.229668045043945312e+02 4.702299499511718750e+01
-1.229614868164062500e+02 4.702486801147460938e+01
-1.229561691284179688e+02 4.702674484252929688e+01
-1.229508514404296875e+02 4.702861785888671875e+01
-1.229455337524414062e+02 4.703049087524414062e+01
-1.229402160644531250e+02 4.703236389160156250e+01
-1.229348983764648438e+02 4.703424072265625000e+01
-1.229295806884765625e+02 4.703611373901367188e+01
-1.229242630004882812e+02 4.703798675537109375e+01
-1.229189453125000000e+02 4.703986358642578125e+01
-1.229136276245117188e+02 4.704173660278320312e+01
-1.229083099365234375e+02 4.704360961914062500e+01
-1.229029922485351562e+02 4.704548263549804688e+01
-1.228976745605468750e+02 4.704735565185546875e+01
-1.228923568725585938e+02 4.704922866821289062e+01
-1.228870391845703125e+02 4.705110549926757812e+01
-1.228817214965820312e+02 4.705297851562500000e+01
-1.228764038085937500e+02 4.705485153198242188e+01
-1.228710861206054688e+02 4.705672454833984375e+01
-1.228657684326171875e+02 4.705859756469726562e+01
-1.228604507446289062e+02 4.706047058105468750e+01
-1.228551330566406250e+02 4.706234359741210938e+01
-1.228498153686523438e+02 4.706421661376953125e+01
-1.228444976806640625e+02 4.706608963012695312e+01
-1.228391799926757812e+02 4.706796264648437500e+01
-1.228338623046875000e+02 4.706983566284179688e+01
-1.228285446166992188e+02 4.707170867919921875e+01
-1.228232269287109375e+02 4.707358169555664062e+01
-1.228179092407226562e+02 4.707545471191406250e+01
-1.228125915527343750e+02 4.707732772827148438e+01
-1.228072738647460938e+02 4.707919692993164062e+01
-1.228019561767578125e+02 4.708106994628906250e+01
-1.227966384887695312e+02 4.708294296264648438e+01
-1.227913208007812500e+02 4.708481597900390625e+01
-1.227860031127929688e+02 4.708668899536132812e+01
-1.227806854248046875e+02 4.708856201171875000e+01
-1.227753677368164062e+02 4.709043121337890625e+01
-1.227700500488281250e+02 4.709230422973632812e+01
-1.227647323608398438e+02 4.709417724609375000e+01
-1.227594146728515625e+02 4.709605026245117188e+01
-1.227540969848632812e+02 4.709791946411132812e+01
-1.227487792968750000e+02 4.709979248046875000e+01
-1.227434616088867188e+02 4.710166549682617188e+01
-1.227381439208984375e+02 4.710353469848632812e+01
-1.227328338623046875e+02 4.710540771484375000e+01
-1.227275161743164062e+02 4.710728073120117188e+01
-1.227221984863281250e+02 4.710914993286132812e+01
-1.227168807983398438e+02 4.711102294921875000e+01
-1.227115631103515625e+02 4.711289215087890625e+01
-1.227062454223632812e+02 4.711476516723632812e+01
-1.227009277343750000e+02 4.711663436889648438e+01
-1.226956100463867188e+02 4.711850738525390625e+01
-1.226902923583984375e+02 4.712037658691406250e+01
-1.226849746704101562e+02 4.712224960327148438e+01
-1.226796569824218750e+02 4.712411880493164062e+01
-1.226743392944335938e+02 4.712599182128906250e+01
-1.226690216064453125e+02 4.712786102294921875e+01
-1.226637039184570312e+02 4.712973403930664062e+01
-1.226583862304687500e+02 4.713160324096679688e+01
-1.226530685424804688e+02 4.713347244262695312e+01
-1.226477508544921875e+02 4.713534545898437500e+01
-1.226424331665039062e+02 4.713721466064453125e+01
-1.226371154785156250e+02 4.713908386230468750e+01
-1.226317977905273438e+02 4.714095687866210938e+01
-1.226264801025390625e+02 4.714282608032226562e+01
-1.226211624145507812e+02 4.714469528198242188e+01
-1.226158447265625000e+02 4.714656448364257812e+01
-1.226105270385742188e+02 4.714843750000000000e+01
-1.226052093505859375e+02 4.715030670166015625e+01
-1.225998916625976562e+02 4.715217590332031250e+01
-1.225945739746093750e+02 4.715404510498046875e+01
-1.225892562866210938e+02 4.715591430664062500e+01
-1.225839385986328125e+02 4.715778732299804688e+01
-1.225786209106445312e+02 4.715965652465820312e+01
-1.225733032226562500e+02 4.716152572631835938e+01
-1.225679855346679688e+02 4.716339492797851562e+01
-1.225626678466796875e+02 4.716526412963867188e+01
-1.225573501586914062e+02 4.716713333129882812e+01
-1.225520324707031250e+02 4.716900253295898438e+01
-1.225467147827148438e+02 4.717087173461914062e+01
-1.225413970947265625e+02 4.717274093627929688e+01
-1.225360794067382812e+02 4.717461013793945312e+01
-1.225307617187500000e+02 4.717647933959960938e+01
-1.225254440307617188e+02 4.717834854125976562e+01
-1.225201263427734375e+02 4.718021774291992188e+01
-1.225148086547851562e+02 4.718208694458007812e+01
-1.225094909667968750e+02 4.718395614624023438e+01
-1.225041732788085938e+02 4.718582534790039062e+01
-1.224988555908203125e+02 4.718769454956054688e+01
-1.224935379028320312e+02 4.718955993652343750e+01
-1.224882202148437500e+02 4.719142913818359375e+01
-1.224829025268554688e+02 4.719329833984375000e+01
-1.224775848388671875e+02 4.719516754150390625e+01
-1.224722671508789062e+02 4.719703674316406250e+01
-1.224669494628906250e+02 4.719890213012695312e+01
-1.224616317749023438e+02 4.720077133178710938e+01
-1.224563140869140625e+02 4.720264053344726562e+01
-1.224509963989257812e+02 4.720450973510742188e+01
-1.224456787109375000e+02 4.720637512207031250e+01
-1.224403610229492188e+02 4.720824432373046875e+01
-1.224350433349609375e+02 4.721011352539062500e+01
-1.224297256469726562e+02 4.721197891235351562e+01
-1.224244079589843750e+02 4.721384811401367188e+01
-1.224190902709960938e+02 4.721571731567382812e+01
-1.224137725830078125e+02 4.721758270263671875e+01
-1.224084548950195312e+02 4.721945190429687500e+01
-1.224031372070312500e+02 4.722131729125976562e+01
-1.223978195190429688e+02 4.722318649291992188e+01
-1.223925018310546875e+02 4.722505187988281250e+01
-1.223871841430664062e+02 4.722692108154296875e+01
-1.223818664550781250e+02 4.722878646850585938e+01
-1.223765563964843750e+02 4.723065567016601562e+01
-1.223712387084960938e+02 4.723252105712890625e+01
-1.223659210205078125e+02 4.723439025878906250e+01
-1.223606033325195312e+02 4.723625564575195312e+01
-1.223552856445312500e+02 4.723812484741210938e+01
-1.223499679565429688e+02 4.723999023437500000e+01
-1.223446502685546875e+02 4.724185562133789062e+01
-1.223393325805664062e+02 4.724372482299804688e+01
-1.223340148925781250e+02 4.724559020996093750e+01
-1.223286972045898438e+02 4.724745559692382812e+01
-1.223233795166015625e+02 4.724932479858398438e+01
-1.223180618286132812e+02 4.725119018554687500e+01
-1.223127441406250000e+02 4.725305557250976562e+01
-1.223074264526367188e+02 4.725492477416992188e+01
-1.223021087646484375e+02 4.725679016113281250e+01
-1.222967910766601562e+02 4.725865554809570312e+01
-1.222914733886718750e+02 4.726052093505859375e+01
-1.222861557006835938e+02 4.726238632202148438e+01
-1.222808380126953125e+02 4.726425552368164062e+01
-1.222755203247070312e+02 4.726612091064453125e+01
-1.222702026367187500e+02 4.726798629760742188e+01
-1.222648849487304688e+02 4.726985168457031250e+01
-1.222595672607421875e+02 4.727171707153320312e+01
-1.222542495727539062e+02 4.727358245849609375e+01
-1.222489318847656250e+02 4.727544784545898438e+01
-1.222436141967773438e+02 4.727731323242187500e+01
-1.222382965087890625e+02 4.727917861938476562e+01
-1.222329788208007812e+02 4.728104400634765625e+01
-1.222276611328125000e+02 4.728290939331054688e+01
-1.222223434448242188e+02 4.728477478027343750e+01
-1.222170257568359375e+02 4.728664016723632812e+01
-1.222117080688476562e+02 4.728850555419921875e+01
-1.222063903808593750e+02 4.729037094116210938e+01
-1.222010726928710938e+02 4.729223632812500000e+01
-1.221957550048828125e+02 4.729410171508789062e+01
-1.221904373168945312e+02 4.729596710205078125e+01
-1.221851196289062500e+02 4.729783248901367188e+01
-1.221798019409179688e+02 4.729969406127929688e+01
-1.221744842529296875e+02 4.730155944824218750e+01
-1.221691665649414062e+02 4.730342483520507812e+01
-1.221638488769531250e+02 4.730529022216796875e+01
-1.221585311889648438e+02 4.730715560913085938e+01
-1.221532135009765625e+02 4.730901718139648438e+01
-1.221478958129882812e+02 4.731088256835937500e+01
-1.221425781250000000e+02 4.731274795532226562e+01
-1.221372604370117188e+02 4.731461334228515625e+01
-1.221319427490234375e+02 4.731647491455078125e+01
-1.221266250610351562e+02 4.731834030151367188e+01
-1.221213073730468750e+02 4.732020568847656250e+01
-1.221159896850585938e+02 4.732206726074218750e+01
-1.221106719970703125e+02 4.732393264770507812e+01
-1.221053543090820312e+02 4.732579421997070312e+01
-1.221000366210937500e+02 4.732765960693359375e+01
-1.220947189331054688e+02 4.732952117919921875e+01
-1.220894012451171875e+02 4.733138656616210938e+01
-1.220840835571289062e+02 4.733325195312500000e+01
-1.220787658691406250e+02 4.733511352539062500e+01
-1.220734481811523438e+02 4.733697891235351562e+01
-1.220681304931640625e+02 4.733884048461914062e+01
-1.220628128051757812e+02 4.734070587158203125e+01
-1.220574951171875000e+02 4.734256744384765625e+01
-1.220521774291992188e+02 4.734442901611328125e+01
-1.220468597412109375e+02 4.734629440307617188e+01
-1.220415420532226562e+02 4.734815597534179688e+01
-1.220362243652343750e+02 4.735002136230468750e+01
-1.220309066772460938e+02 4.735188293457031250e+01
-1.220255889892578125e+02 4.735374450683593750e+01
-1.220202713012695312e+02 4.735560989379882812e+01
-1.220149612426757812e+02 4.735747146606445312e+01
-1.220096435546875000e+02 4.735933303833007812e+01
-1.220043258666992188e+02 4.736119461059570312e+01
-1.219990081787109375e+02 4.736305999755859375e+01
-1.219936904907226562e+02 4.736492156982421875e+01
-1.219883728027343750e+02 4.736678314208984375e+01
-1.219830551147460938e+02 4.736864471435546875e+01
-1.219777374267578125e+02 4.737051010131835938e+01
-1.219724197387695312e+02 4.737237167358398438e+01
-1.219671020507812500e+02 4.737423324584960938e+01
-1.219617843627929688e+02 4.737609481811523438e+01
-1.219564666748046875e+02 4.737795639038085938e+01
-1.219511489868164062e+02 4.737981796264648438e+01
-1.219458312988281250e+02 4.738167953491210938e+01
-1.219405136108398438e+02 4.738354110717773438e+01
-1.219351959228515625e+02 4.738540267944335938e+01
-1.219298782348632812e+02 4.738726425170898438e+01
-1.219245605468750000e+02 4.738912582397460938e+01
-1.219192428588867188e+02 4.739098739624023438e+01
-1.219139251708984375e+02 4.739284896850585938e+01
-1.219086074829101562e+02 4.739471054077148438e+01
-1.219032897949218750e+02 4.739657211303710938e+01
-1.218979721069335938e+02 4.739843368530273438e+01
-1.218926544189453125e+02 4.740029525756835938e+01
-1.218873367309570312e+02 4.740215682983398438e+01
-1.218820190429687500e+02 4.740401840209960938e+01
-1.218767013549804688e+02 4.740587997436523438e+01
-1.218713836669921875e+02 4.740774154663085938e+01
-1.218660659790039062e+02 4.740959930419921875e+01
-1.218607482910156250e+02 4.741146087646484375e+01
-1.218554306030273438e+02 4.741332244873046875e+01
-1.218501129150390625e+02 4.741518402099609375e+01
-1.218447952270507812e+02 4.741704177856445312e+01
-1.218394775390625000e+02 4.741890335083007812e+01
-1.218341598510742188e+02 4.742076492309570312e+01
-1.218288421630859375e+02 4.742262649536132812e+01
-1.218235244750976562e+02 4.742448425292968750e+01
-1.218182067871093750e+02 4.742634582519531250e+01
-1.218128890991210938e+02 4.742820739746093750e+01
-1.218075714111328125e+02 4.743006515502929688e+01
-1.218022537231445312e+02 4.743192672729492188e+01
-1.217969360351562500e+02 4.743378448486328125e+01
-1.217916183471679688e+02 4.743564605712890625e+01
-1.217863006591796875e+02 4.743750762939453125e+01
-1.217809829711914062e+02 4.743936538696289062e+01
-1.217756652832031250e+02 4.744122695922851562e+01
-1.217703475952148438e+02 4.744308471679687500e+01
-1.217650299072265625e+02 4.744494628906250000e+01
-1.217597122192382812e+02 4.744680404663085938e+01
-1.217543945312500000e+02 4.744866561889648438e+01
-1.217490768432617188e+02 4.745052337646484375e+01
-1.217437591552734375e+02 4.745238494873046875e+01
-1.217384414672851562e+02 4.745424270629882812e+01
-1.217331237792968750e+02 4.745610046386718750e+01
-1.217278060913085938e+02 4.745796203613281250e+01
-1.217224884033203125e+02 4.745981979370117188e+01
-1.217171707153320312e+02 4.746167755126953125e+01
-1.217118530273437500e+02 4.746353912353515625e+01
-1.217065353393554688e+02 4.746539688110351562e+01
-1.217012176513671875e+02 4.746725463867187500e+01
-1.216958999633789062e+02 4.746911621093750000e+01
-1.216905822753906250e+02 4.747097396850585938e+01
-1.216852645874023438e+02 4.747283172607421875e+01
-1.216799468994140625e+02 4.747468948364257812e+01
-1.216746292114257812e+02 4.747654724121093750e+01
-1.216693115234375000e+02 4.747840881347656250e+01
-1.216639938354492188e+02 4.748026657104492188e+01
-1.216586837768554688e+02 4.748212432861328125e+01
-1.216533660888671875e+02 4.748398208618164062e+01
-1.216480484008789062e+02 4.748583984375000000e+01
-1.216427307128906250e+02 4.748769760131835938e+01
-1.216374130249023438e+02 4.748955535888671875e+01
-1.216320953369140625e+02 4.749141311645507812e+01
-1.216267776489257812e+02 4.749327087402343750e+01
-1.216214599609375000e+02 4.749513244628906250e+01
-1.216161422729492188e+02 4.749699020385742188e+01
-1.216108245849609375e+02 4.749884796142578125e+01
-1.216055068969726562e+02 4.750070571899414062e+01
-1.216001892089843750e+02 4.750255966186523438e+01
-1.215948715209960938e+02 4.750441741943359375e+01
-1.215895538330078125e+02 4.750627517700195312e+01
-1.215842361450195312e+02 4.750813293457031250e+01
-1.215789184570312500e+02 4.750999069213867188e+01
-1.215736007690429688e+02 4.751184844970703125e+01
-1.215682830810546875e+02 4.751370620727539062e+01
-1.215629653930664062e+02 4.751556396484375000e+01
-1.215576477050781250e+02 4.751742172241210938e+01
-1.215523300170898438e+02 4.751927566528320312e+01
-1.215470123291015625e+02 4.752113342285156250e+01
-1.215416946411132812e+02 4.752299118041992188e+01
-1.215363769531250000e+02 4.752484893798828125e+01
-1.215310592651367188e+02 4.752670288085937500e+01
-1.215257415771484375e+02 4.752856063842773438e+01
-1.215204238891601562e+02 4.753041839599609375e+01
-1.215151062011718750e+02 4.753227233886718750e+01
-1.215097885131835938e+02 4.753413009643554688e+01
-1.215044708251953125e+02 4.753598785400390625e+01
-1.214991531372070312e+02 4.753784179687500000e+01
-1.214938354492187500e+02 4.753969955444335938e+01
-1.214885177612304688e+02 4.754155731201171875e+01
-1.214832000732421875e+02 4.754341125488281250e+01
-1.214778823852539062e+02 4.754526901245117188e+01
-1.214725646972656250e+02 4.754712295532226562e+01
-1.214672470092773438e+02 4.754898071289062500e+01
-1.214619293212890625e+02 4.755083465576171875e+01
-1.214566116333007812e+02 4.755269241333007812e+01
-1.214512939453125000e+02 4.755454635620117188e+01
-1.214459762573242188e+02 4.755640411376953125e+01
-1.214406585693359375e+02 4.755825805664062500e+01
-1.214353408813476562e+02 4.756011581420898438e+01
-1.214300231933593750e+02 4.756196975708007812e+01
-1.214247055053710938e+02 4.756382369995117188e+01
-1.214193878173828125e+02 4.756568145751953125e+01
-1.214140701293945312e+02 4.756753540039062500e+01
-1.214087524414062500e+02 4.756939315795898438e+01
-1.214034347534179688e+02 4.757124710083007812e+01
-1.213981170654296875e+02 4.757310104370117188e+01
-1.213927993774414062e+02 4.757495498657226562e+01
-1.213874816894531250e+02 4.757681274414062500e+01
-1.213821640014648438e+02 4.757866668701171875e+01
-1.213768463134765625e+02 4.758052062988281250e+01
-1.213715286254882812e+02 4.758237457275390625e+01
-1.213662109375000000e+02 4.758423233032226562e+01
-1.213608932495117188e+02 4.758608627319335938e+01
-1.213555755615234375e+02 4.758794021606445312e+01
-1.213502578735351562e+02 4.758979415893554688e+01
-1.213449401855468750e+02 4.759164810180664062e+01
-1.213396224975585938e+02 4.759350204467773438e+01
-1.213343048095703125e+02 4.759535598754882812e+01
-1.213289871215820312e+02 4.759721374511718750e+01
-1.213236694335937500e+02 4.759906768798828125e+01
-1.213183517456054688e+02 4.760092163085937500e+01
-1.213183517456054688e+02 4.760092163085937500e+01
-1.213217239379882812e+02 4.760496520996093750e+01
-1.213250961303710938e+02 4.760900878906250000e+01
-1.213284683227539062e+02 4.761305236816406250e+01
-1.213318405151367188e+02 4.761709594726562500e+01
-1.213352127075195312e+02 4.762113571166992188e+01
-1.213385848999023438e+02 4.762517929077148438e+01
-1.213419570922851562e+02 4.762922286987304688e+01
-1.213453292846679688e+02 4.763326263427734375e+01
-1.213487014770507812e+02 4.763730621337890625e+01
-1.213520736694335938e+02 4.764134597778320312e+01
-1.213554458618164062e+02 4.764538955688476562e+01
-1.213588180541992188e+02 4.764942932128906250e+01
-1.213621902465820312e+02 4.765346908569335938e+01
-1.213655624389648438e+02 4.765750885009765625e+01
-1.213689346313476562e+02 4.766154861450195312e+01
-1.213723068237304688e+02 4.766558837890625000e+01
-1.213756790161132812e+02 4.766962814331054688e+01
-1.213790512084960938e+02 4.767366409301757812e+01
-1.213824234008789062e+02 4.767770385742187500e+01
-1.213857955932617188e+02 4.768174362182617188e+01
-1.213891677856445312e+02 4.768577957153320312e+01
-1.213925399780273438e+02 4.768981552124023438e+01
-1.213959121704101562e+02 4.769385528564453125e+01
-1.213992843627929688e+02 4.769789123535156250e+01
-1.214026565551757812e+02 4.770192718505859375e+01
-1.214060287475585938e+02 4.770596313476562500e+01
-1.214094009399414062e+02 4.770999908447265625e+01
-1.214127731323242188e+02 4.771403503417968750e+01
-1.214161453247070312e+02 4.771807098388671875e+01
-1.214195175170898438e+02 4.772210693359375000e+01
-1.214228897094726562e+02 4.772613906860351562e+01
-1.214262619018554688e+02 4.773017501831054688e+01
-1.214296340942382812e+02 4.773420715332031250e+01
-1.214330062866210938e+02 4.773824310302734375e+01
-1.214363784790039062e+02 4.774227523803710938e+01
-1.214397506713867188e+02 4.774630737304687500e+01
-1.214431228637695312e+02 4.775034332275390625e+01
-1.214464950561523438e+02 4.775437545776367188e+01
-1.214498672485351562e+02 4.775840759277343750e+01
-1.214532394409179688e+02 4.776243972778320312e+01
-1.214566116333007812e+02 4.776647186279296875e+01
-1.214599838256835938e+02 4.777050018310546875e+01
-1.214633560180664062e+02 4.777453231811523438e+01
-1.214667282104492188e+02 4.777856445312500000e+01
-1.214701004028320312e+02 4.778259277343750000e+01
-1.214734725952148438e+02 4.778662490844726562e+01
-1.214768447875976562e+02 4.779065322875976562e+01
-1.214802169799804688e+02 4.779468154907226562e+01
-1.214835891723632812e+02 4.779870986938476562e+01
-1.214869613647460938e+02 4.780274200439453125e+01
-1.214903335571289062e+02 4.780677032470703125e+01
-1.214937057495117188e+02 4.781079864501953125e+01
-1.214970779418945312e+02 4.781482315063476562e+01
-1.215004501342773438e+02 4.781885147094726562e+01
-1.215038223266601562e+02 4.782287979125976562e+01
-1.215071945190429688e+02 4.782690811157226562e+01
-1.215105667114257812e+02 4.783093261718750000e+01
-1.215139389038085938e+02 4.783496093750000000e+01
-1.215173110961914062e+02 4.783898544311523438e+01
-1.215206832885742188e+02 4.784300994873046875e+01
-1.215240554809570312e+02 4.784703445434570312e+01
-1.215274276733398438e+02 4.785106277465820312e+01
-1.215307998657226562e+02 4.785508728027343750e+01
-1.215341720581054688e+02 4.785911178588867188e+01
-1.215375442504882812e+02 4.786313247680664062e+01
-1.215409164428710938e+02 4.786715698242187500e+01
-1.215442886352539062e+02 4.787118148803710938e+01
-1.215476608276367188e+02 4.787520599365234375e+01
-1.215510330200195312e+02 4.787922668457031250e+01
-1.215544052124023438e+02 4.788325119018554688e+01
-1.215577774047851562e+02 4.788727188110351562e+01
-1.215611495971679688e+02 4.789129257202148438e+01
-1.215645217895507812e+02 4.789531707763671875e+01
-1.215678939819335938e+02 4.789933776855468750e+01
-1.215712661743164062e+02 4.790335845947265625e+01
-1.215746383666992188e+02 4.790737915039062500e+01
-1.215780105590820312e+02 4.791139984130859375e+01
-1.215813827514648438e+02 4.791542053222656250e+01
-1.215847549438476562e+02 4.791943740844726562e+01
-1.215881271362304688e+02 4.792345809936523438e+01
-1.215914993286132812e+02 4.792747879028320312e+01
-1.215948715209960938e+02 4.793149566650390625e+01
-1.215982437133789062e+02 4.793551635742187500e+01
-1.216016159057617188e+02 4.793953323364257812e+01
-1.216049880981445312e+02 4.794355010986328125e+01
-1.216083602905273438e+02 4.794756698608398438e+01
-1.216117324829101562e+02 4.795158767700195312e+01
-1.216151046752929688e+02 4.795560455322265625e+01
-1.216184768676757812e+02 4.795961761474609375e+01
-1.216218490600585938e+02 4.796363449096679688e+01
-1.216252212524414062e+02 4.796765136718750000e+01
-1.216285934448242188e+02 4.797166824340820312e+01
-1.216319656372070312e+02 4.797568130493164062e+01
-1.216353378295898438e+02 4.797969818115234375e+01
-1.216387100219726562e+02 4.798371124267578125e+01
-1.216420822143554688e+02 4.798772811889648438e+01
-1.216454544067382812e+02 4.799174118041992188e+01
-1.216488265991210938e+02 4.799575424194335938e+01
-1.216521987915039062e+02 4.799976730346679688e+01
-1.216555709838867188e+02 4.800378036499023438e+01
-1.216589431762695312e+02 4.800779342651367188e+01
-1.216623153686523438e+02 4.801180648803710938e+01
-1.216656875610351562e+02 4.801581954956054688e+01
-1.216690597534179688e+02 4.801983261108398438e+01
-1.216724395751953125e+02 4.802384185791015625e+01
-1.216758117675781250e+02 4.802785491943359375e+01
-1.216791839599609375e+02 4.803186798095703125e+01
-1.216825561523437500e+02 4.803587722778320312e+01
-1.216859283447265625e+02 4.803988647460937500e+01
-1.216893005371093750e+02 4.804389572143554688e+01
-1.216926727294921875e+02 4.804790878295898438e+01
-1.216960449218750000e+02 4.805191802978515625e+01
-1.216994171142578125e+02 4.805592727661132812e+01
-1.217027893066406250e+02 4.805993652343750000e+01
-1.217061614990234375e+02 4.806394195556640625e+01
-1.217095336914062500e+02 4.806795120239257812e+01
-1.217129058837890625e+02 4.807196044921875000e+01
-1.217162780761718750e+02 4.807596588134765625e+01
-1.217196502685546875e+02 4.807997512817382812e+01
-1.217230224609375000e+02 4.808398056030273438e+01
-1.217263946533203125e+02 4.808798980712890625e+01
-1.217297668457031250e+02 4.809199523925781250e+01
-1.217331390380859375e+02 4.809600067138671875e+01
-1.217365112304687500e+02 4.810000610351562500e+01
-1.217398834228515625e+02 4.810401153564453125e+01
-1.217432556152343750e+02 4.810801696777343750e+01
-1.217466278076171875e+02 4.811202239990234375e+01
-1.217500000000000000e+02 4.811602783203125000e+01
-1.217533721923828125e+02 4.812002944946289062e+01
-1.217567443847656250e+02 4.812403488159179688e+01
-1.217601165771484375e+02 4.812804031372070312e+01
-1.217634887695312500e+02 4.813204193115234375e+01
-1.217668609619140625e+02 4.813604354858398438e+01
-1.217702331542968750e+02 4.814004898071289062e+01
-1.217736053466796875e+02 4.814405059814453125e+01
-1.217769775390625000e+02 4.814805221557617188e+01
-1.217803497314453125e+02 4.815205383300781250e+01
-1.217837219238281250e+02 4.815605545043945312e+01
-1.217870941162109375e+02 4.816005706787109375e+01
-1.217904663085937500e+02 4.816405868530273438e+01
-1.217938385009765625e+02 4.816805648803710938e+01
-1.217972106933593750e+02 4.817205810546875000e+01
-1.218005828857421875e+02 4.817605972290039062e+01
-1.218039550781250000e+02 4.818005752563476562e+01
-1.218073272705078125e+02 4.818405532836914062e+01
-1.218106994628906250e+02 4.818805694580078125e+01
-1.218140716552734375e+02 4.819205474853515625e+01
-1.218174438476562500e+02 4.819605255126953125e+01
-1.218208160400390625e+02 4.820005035400390625e+01
-1.218241882324218750e+02 4.820404815673828125e+01
-1.218275604248046875e+02 4.820804595947265625e+01
-1.218309326171875000e+02 4.821204376220703125e+01
-1.218343048095703125e+02 4.821604156494140625e+01
-1.218376770019531250e+02 4.822003555297851562e+01
-1.218410491943359375e+02 4.822403335571289062e+01
-1.218444213867187500e+02 4.822802734375000000e+01
-1.218477935791015625e+02 4.823202514648437500e+01
-1.218511657714843750e+02 4.823601913452148438e+01
-1.218545379638671875e+02 4.824001312255859375e+01
-1.218579101562500000e+02 4.824401092529296875e+01
-1.218612823486328125e+02 4.824800491333007812e+01
-1.218646545410156250e+02 4.825199890136718750e+01
-1.218680267333984375e+02 4.825599288940429688e+01
-1.218714065551757812e+02 4.825998687744140625e+01
-1.218747787475585938e+02 4.826397705078125000e+01
-1.218781509399414062e+02 4.826797103881835938e+01
-1.218815231323242188e+02 4.827196502685546875e+01
-1.218848953247070312e+02 4.827595520019531250e+01
-1.218882675170898438e+02 4.827994918823242188e+01
-1.218916397094726562e+02 4.828393936157226562e+01
-1.218950119018554688e+02 4.828792953491210938e+01
-1.218983840942382812e+02 4.829191970825195312e+01
-1.219017562866210938e+02 4.829591369628906250e+01
-1.219051284790039062e+02 4.829990386962890625e+01
-1.219085006713867188e+02 4.830389404296875000e+01
-1.219118728637695312e+02 4.830788040161132812e+01
-1.219152450561523438e+02 4.831187057495117188e+01
-1.219186172485351562e+02 4.831586074829101562e+01
-1.219219894409179688e+02 4.831985092163085938e+01
-1.219253616333007812e+02 4.832383728027343750e+01
-1.219287338256835938e+02 4.832782745361328125e+01
-1.219321060180664062e+02 4.833181381225585938e+01
-1.219354782104492188e+02 4.833580017089843750e+01
-1.219388504028320312e+02 4.833979034423828125e+01
-1.219422225952148438e+02 4.834377670288085938e+01
-1.219455947875976562e+02 4.834776306152343750e+01
-1.219489669799804688e+02 4.835174942016601562e+01
-1.219523391723632812e+02 4.835573577880859375e+01
-1.219557113647460938e+02 4.835972213745117188e+01
-1.219590835571289062e+02 4.836370468139648438e+01
-1.219624557495117188e+02 4.836769104003906250e+01
-1.219658279418945312e+02 4.837167739868164062e+01
-1.219692001342773438e+02 4.837565994262695312e+01
-1.219725723266601562e+02 4.837964630126953125e+01
-1.219759445190429688e+02 4.838362884521484375e+01
-1.219793167114257812e+02 4.838761138916015625e+01
-1.219826965332031250e+02 4.839159393310546875e+01
-1.219860687255859375e+02 4.839557647705078125e+01
-1.219894409179687500e+02 4.839955902099609375e+01
-1.219928131103515625e+02 4.840354156494140625e+01
-1.219961853027343750e+02 4.840752410888671875e+01
-1.219995574951171875e+02 4.841150665283203125e+01
-1.220029296875000000e+02 4.841548919677734375e+01
-1.220063018798828125e+02 4.841946792602539062e+01
-1.220096740722656250e+02 4.842345046997070312e+01
-1.220130462646484375e+02 4.842742919921875000e+01
-1.220164184570312500e+02 4.843141174316406250e+01
-1.220197906494140625e+02 4.843539047241210938e+01
-1.220231628417968750e+02 4.843936920166015625e+01
-1.220265350341796875e+02 4.844334793090820312e+01
-1.220299072265625000e+02 4.844732666015625000e+01
-1.220332794189453125e+02 4.845130538940429688e+01
-1.220366516113281250e+02 4.845528411865234375e+01
-1.220400238037109375e+02 4.845926284790039062e+01
-1.220433959960937500e+02 4.846324157714843750e+01
-1.220467681884765625e+02 4.846721649169921875e+01
-1.220501403808593750e+02 4.847119522094726562e+01
-1.220535125732421875e+02 4.847517013549804688e+01
-1.220568847656250000e+02 4.847914886474609375e+01
-1.220602569580078125e+02 4.848312377929687500e+01
-1.220636291503906250e+02 4.848709869384765625e+01
-1.220670089721679688e+02 4.849107742309570312e+01
-1.220703811645507812e+02 4.849505233764648438e+01
-1.220737533569335938e+02 4.849902725219726562e+01
-1.220771255493164062e+02 4.850300216674804688e+01
-1.220804977416992188e+02 4.850697326660156250e+01
-1.220838699340820312e+02 4.851094818115234375e+01
-1.220872421264648438e+02 4.851492309570312500e+01
-1.220906143188476562e+02 4.851889419555664062e+01
-1.220939865112304688e+02 4.852286911010742188e+01
-1.220973587036132812e+02 4.852684020996093750e+01
-1.221007308959960938e+02 4.853081512451171875e+01
-1.221041030883789062e+02 4.853478622436523438e+01
-1.221074752807617188e+02 4.853875732421875000e+01
-1.221108474731445312e+02 4.854272842407226562e+01
-1.221142196655273438e+02 4.854669952392578125e+01
-1.221175918579101562e+02 4.855067062377929688e+01
-1.221209640502929688e+02 4.855464172363281250e+01
-1.221243362426757812e+02 4.855861282348632812e+01
-1.221277084350585938e+02 4.856258392333984375e+01
-1.221310806274414062e+02 4.856655120849609375e+01
-1.221344528198242188e+02 4.857052230834960938e+01
-1.221378250122070312e+02 4.857448959350585938e+01
-1.221412048339843750e+02 4.857846069335937500e+01
-1.221445770263671875e+02 4.858242797851562500e+01
-1.221479492187500000e+02 4.858639526367187500e+01
-1.221513214111328125e+02 4.859036254882812500e+01
-1.221546936035156250e+02 4.859432983398437500e+01
-1.221580657958984375e+02 4.859829711914062500e+01
-1.221614379882812500e+02 4.860226440429687500e+01
-1.221648101806640625e+02 4.860623168945312500e+01
-1.221681823730468750e+02 4.861019897460937500e+01
-1.221715545654296875e+02 4.861416244506835938e+01
-1.221749267578125000e+02 4.861812973022460938e+01
-1.221782989501953125e+02 4.862209320068359375e+01
-1.221816711425781250e+02 4.862606048583984375e+01
-1.221850433349609375e+02 4.863002395629882812e+01
-1.221884155273437500e+02 4.863398742675781250e+01
-1.221917877197265625e+02 4.863795471191406250e+01
-1.221951599121093750e+02 4.864191818237304688e+01
-1.221985321044921875e+02 4.864588165283203125e+01
-1.222019042968750000e+02 4.864984512329101562e+01
-1.222052841186523438e+02 4.865380477905273438e+01
-1.222086563110351562e+02 4.865776824951171875e+01
-1.222120285034179688e+02 4.866173171997070312e+01
-1.222154006958007812e+02 4.866569519042968750e+01
-1.222187728881835938e+02 4.866965484619140625e+01
-1.222221450805664062e+02 4.867361450195312500e+01
-1.222255172729492188e+02 4.867757797241210938e+01
-1.222288894653320312e+02 4.868153762817382812e+01
-1.222322616577148438e+02 4.868549728393554688e+01
-1.222356338500976562e+02 4.868945693969726562e+01
-1.222390060424804688e+02 4.869341659545898438e+01
-1.222423782348632812e+02 4.869737625122070312e+01
-1.222457504272460938e+02 4.870133590698242188e+01
-1.222491226196289062e+02 4.870529556274414062e+01
-1.222524948120117188e+02 4.870925521850585938e+01
-1.222558670043945312e+02 4.871321105957031250e+01
-1.222592391967773438e+02 4.871717071533203125e+01
-1.222626113891601562e+02 4.872112655639648438e+01
-1.222659912109375000e+02 4.872508621215820312e+01
-1.222693634033203125e+02 4.872904205322265625e+01
-1.222727355957031250e+02 4.873299789428710938e+01
-1.222761077880859375e+02 4.873695755004882812e+01
-1.222794799804687500e+02 4.874091339111328125e+01
-1.222828521728515625e+02 4.874486923217773438e+01
-1.222862243652343750e+02 4.874882125854492188e+01
-1.222895965576171875e+02 4.875277709960937500e+01
-1.222929687500000000e+02 4.875673294067382812e+01
-1.222963409423828125e+02 4.876068878173828125e+01
-1.222997131347656250e+02 4.876464080810546875e+01
-1.223030853271484375e+02 4.876859664916992188e+01
-1.223064575195312500e+02 4.877254867553710938e+01
-1.223098297119140625e+02 4.877650451660156250e+01
-1.223132019042968750e+02 4.878045654296875000e+01
-1.223165740966796875e+02 4.878440856933593750e+01
-1.223199539184570312e+02 4.878836059570312500e+01
-1.223233261108398438e+02 4.879231262207031250e+01
-1.223266983032226562e+02 4.879626464843750000e+01
-1.223300704956054688e+02 4.880021667480468750e+01
-1.223334426879882812e+02 4.880416870117187500e+01
-1.223368148803710938e+02 4.880811691284179688e+01
-1.223401870727539062e+02 4.881206893920898438e+01
-1.223435592651367188e+02 4.881601715087890625e+01
-1.223469314575195312e+02 4.881996917724609375e+01
-1.223503036499023438e+02 4.882391738891601562e+01
-1.223536758422851562e+02 4.882786941528320312e+01
-1.223570480346679688e+02 4.883181762695312500e+01
-1.223604202270507812e+02 4.883576583862304688e+01
-1.223637924194335938e+02 4.883971405029296875e+01
-1.223671646118164062e+02 4.884366226196289062e+01
-1.223705444335937500e+02 4.884761047363281250e+01
-1.223739166259765625e+02 4.885155868530273438e+01
-1.223772888183593750e+02 4.885550308227539062e+01
-1.223806610107421875e+02 4.885945129394531250e+01
-1.223840332031250000e+02 4.886339569091796875e+01
-1.223874053955078125e+02 4.886734390258789062e+01
-1.223907775878906250e+02 4.887128829956054688e+01
-1.223941497802734375e+02 4.887523651123046875e+01
-1.223975219726562500e+02 4.887918090820312500e+01
-1.224008941650390625e+02 4.888312530517578125e+01
-1.224042663574218750e+02 4.888706970214843750e+01
-1.224076385498046875e+02 4.889101409912109375e+01
-1.224110107421875000e+02 4.889495849609375000e+01
-1.224143829345703125e+02 4.889890289306640625e+01
-1.224177551269531250e+02 4.890284729003906250e+01
-1.224211349487304688e+02 4.890678787231445312e+01
-1.224245071411132812e+02 4.891073226928710938e+01
-1.224278793334960938e+02 4.891467285156250000e+01
-1.224312515258789062e+02 4.891861724853515625e+01
-1.224346237182617188e+02 4.892255783081054688e+01
-1.224379959106445312e+02 4.892649841308593750e+01
-1.224413681030273438e+02 4.893044281005859375e+01
-1.224447402954101562e+02 4.893438339233398438e+01
-1.224481124877929688e+02 4.893832397460937500e+01
-1.224514846801757812e+02 4.894226455688476562e+01
-1.224548568725585938e+02 4.894620513916015625e+01
-1.224582290649414062e+02 4.895014190673828125e+01
-1.224616012573242188e+02 4.895408248901367188e+01
-1.224649734497070312e+02 4.895802307128906250e+01
-1.224683532714843750e+02 4.896195983886718750e+01
-1.224717254638671875e+02 4.896590042114257812e+01
-1.224750976562500000e+02 4.896983718872070312e+01
-1.224784698486328125e+02 4.897377395629882812e+01
-1.224818420410156250e+02 4.897771072387695312e+01
-1.224852142333984375e+02 4.898165130615234375e+01
-1.224885864257812500e+02 4.898558807373046875e+01
-1.224919586181640625e+02 4.898952484130859375e+01
-1.224953308105468750e+02 4.899346160888671875e+01
-1.224987030029296875e+02 4.899739456176757812e+01
-1.225020751953125000e+02 4.900133132934570312e+01
-1.225054473876953125e+02 4.900526809692382812e+01
-1.225088195800781250e+02 4.900920104980468750e+01
-1.225121917724609375e+02 4.901313781738281250e+01
-1.225155715942382812e+02 4.901707077026367188e+01
-1.225189437866210938e+02 4.902100372314453125e+01
-1.225223159790039062e+02 4.902494049072265625e+01
-1.225256881713867188e+02 4.902887344360351562e+01
-1.225290603637695312e+02 4.903280639648437500e+01
-1.225324325561523438e+02 4.903673934936523438e+01
-1.225358047485351562e+02 4.904067230224609375e+01
-1.225391769409179688e+02 4.904460525512695312e+01
-1.225425491333007812e+02 4.904853439331054688e+01
-1.225459213256835938e+02 4.905246734619140625e+01
-1.225492935180664062e+02 4.905640029907226562e+01
-1.225526657104492188e+02 4.906032943725585938e+01
-1.225560379028320312e+02 4.906426239013671875e+01
-1.225594177246093750e+02 4.906819152832031250e+01
-1.225627899169921875e+02 4.907212066650390625e+01
-1.225661621093750000e+02 4.907605361938476562e+01
-1.225695343017578125e+02 4.907998275756835938e+01
-1.225729064941406250e+02 4.908391189575195312e+01
-1.225762786865234375e+02 4.908784103393554688e+01
-1.225796508789062500e+02 4.909176635742187500e+01
-1.225830230712890625e+02 4.909569549560546875e+01
-1.225863952636718750e+02 4.909962463378906250e+01
-1.225897674560546875e+02 4.910355377197265625e+01
-1.225931396484375000e+02 4.910747909545898438e+01
-1.225965118408203125e+02 4.911140823364257812e+01
-1.225998840332031250e+02 4.911533355712890625e+01
-1.226032638549804688e+02 4.911925888061523438e+01
-1.226066360473632812e+02 4.912318420410156250e+01
-1.226100082397460938e+02 4.912711334228515625e+01
-1.226133804321289062e+02 4.913103866577148438e+01
-1.226167526245117188e+02 4.913496398925781250e+01
-1.226201248168945312e+02 4.913888931274414062e+01
-1.226234970092773438e+02 4.914281082153320312e+01
-1.226268692016601562e+02 4.914673614501953125e+01
-1.226302413940429688e+02 4.915066146850585938e+01
-1.226336135864257812e+02 4.915458297729492188e+01
-1.226369857788085938e+02 4.915850830078125000e+01
-1.226403579711914062e+02 4.916242980957031250e+01
-1.226437301635742188e+02 4.916635513305664062e+01
-1.226471099853515625e+02 4.917027664184570312e+01
-1.226504821777343750e+02 4.917419815063476562e+01
-1.226538543701171875e+02 4.917811965942382812e+01
-1.226572265625000000e+02 4.918204116821289062e+01
-1.226605987548828125e+02 4.918596267700195312e+01
-1.226639709472656250e+02 4.918988418579101562e+01
-1.226673431396484375e+02 4.919380569458007812e+01
-1.226707153320312500e+02 4.919772338867187500e+01
-1.226740875244140625e+02 4.920164489746093750e+01
-1.226774597167968750e+02 4.920556259155273438e+01
-1.226808319091796875e+02 4.920948410034179688e+01
-1.226842041015625000e+02 4.921340179443359375e+01
-1.226875762939453125e+02 4.921732330322265625e+01
-1.226909561157226562e+02 4.922124099731445312e+01
-1.226943283081054688e+02 4.922515869140625000e+01
-1.226977005004882812e+02 4.922907638549804688e+01
-1.227010726928710938e+02 4.923299407958984375e+01
-1.227044448852539062e+02 4.923691177368164062e+01
-1.227078170776367188e+02 4.924082946777343750e+01
-1.227111892700195312e+02 4.924474334716796875e+01
-1.227145614624023438e+02 4.924866104125976562e+01
-1.227179336547851562e+02 4.925257492065429688e+01
-1.227213058471679688e+02 4.925649261474609375e+01
-1.227246780395507812e+02 4.926040649414062500e+01
-1.227280502319335938e+02 4.926432418823242188e+01
-1.227314300537109375e+02 4.926823806762695312e+01
-1.227348022460937500e+02 4.927215194702148438e+01
-1.227381744384765625e+02 4.927606582641601562e+01
-1.227415466308593750e+02 4.927997970581054688e+01
-1.227449188232421875e+02 4.928389358520507812e+01
-1.227482910156250000e+02 4.928780746459960938e+01
-1.227516632080078125e+02 4.929171752929687500e+01
-1.227550354003906250e+02 4.929563140869140625e+01
-1.227584075927734375e+02 4.929954528808593750e+01
-1.227617797851562500e+02 4.930345535278320312e+01
-1.227651519775390625e+02 4.930736923217773438e+01
-1.227685241699218750e+02 4.931127929687500000e+01
-1.227719039916992188e+02 4.931518936157226562e+01
-1.227752761840820312e+02 4.931909942626953125e+01
-1.227786483764648438e+02 4.932301330566406250e+01
-1.227820205688476562e+02 4.932692337036132812e+01
-1.227853927612304688e+02 4.933082962036132812e+01
-1.227887649536132812e+02 4.933473968505859375e+01
-1.227921371459960938e+02 4.933864974975585938e+01
-1.227955093383789062e+02 4.934255981445312500e+01
-1.227988815307617188e+02 4.934646606445312500e+01
-1.228022537231445312e+02 4.935037612915039062e+01
-1.228056259155273438e+02 4.935428237915039062e+01
-1.228089981079101562e+02 4.935819244384765625e+01
-1.228123703002929688e+02 4.936209869384765625e+01
-1.228157501220703125e+02 4.936600494384765625e+01
-1.228191223144531250e+02 4.936991119384765625e+01
-1.228224945068359375e+02 4.937381744384765625e+01
-1.228258666992187500e+02 4.937772369384765625e+01
-1.228292388916015625e+02 4.938162994384765625e+01
-1.228326110839843750e+02 4.938553619384765625e+01
-1.228359832763671875e+02 4.938944244384765625e+01
-1.228393554687500000e+02 4.939334487915039062e+01
-1.228427276611328125e+02 4.939725112915039062e+01
-1.228460998535156250e+02 4.940115737915039062e+01
-1.228494720458984375e+02 4.940505981445312500e+01
-1.228528442382812500e+02 4.940896224975585938e+01
-1.228562240600585938e+02 4.941286468505859375e+01
-1.228595962524414062e+02 4.941677093505859375e+01
-1.228629684448242188e+02 4.942067337036132812e+01
-1.228663406372070312e+02 4.942457580566406250e+01
-1.228697128295898438e+02 4.942847824096679688e+01
-1.228730850219726562e+02 4.943237686157226562e+01
-1.228764572143554688e+02 4.943627929687500000e+01
-1.228798294067382812e+02 4.944018173217773438e+01
-1.228832015991210938e+02 4.944408035278320312e+01
-1.228865737915039062e+02 4.944798278808593750e+01
-1.228899459838867188e+02 4.945188140869140625e+01
-1.228933181762695312e+02 4.945578384399414062e+01
-1.228966903686523438e+02 4.945968246459960938e+01
-1.229000701904296875e+02 4.946358108520507812e+01
-1.229034423828125000e+02 4.946747970581054688e+01
-1.229068145751953125e+02 4.947137832641601562e+01
-1.229101867675781250e+02 4.947527694702148438e+01
-1.229135589599609375e+02 4.947917556762695312e+01
-1.229169311523437500e+02 4.948307418823242188e+01
-1.229203033447265625e+02 4.948697280883789062e+01
-1.229236755371093750e+02 4.949086761474609375e+01
-1.229270477294921875e+02 4.949476623535156250e+01
-1.229304199218750000e+02 4.949866104125976562e+01
-1.229337921142578125e+02 4.950255966186523438e+01
-1.229371643066406250e+02 4.950645446777343750e+01
-1.229405441284179688e+02 4.951034927368164062e+01
-1.229439163208007812e+02 4.951424407958984375e+01
-1.229472885131835938e+02 4.951813888549804688e+01
-1.229506607055664062e+02 4.952203369140625000e+01
-1.229540328979492188e+02 4.952592849731445312e+01
-1.229574050903320312e+02 4.952982330322265625e+01
-1.229607772827148438e+02 4.953371810913085938e+01
-1.229641494750976562e+02 4.953760910034179688e+01
-1.229675216674804688e+02 4.954150390625000000e+01
-1.229708938598632812e+02 4.954539871215820312e+01
-1.229742660522460938e+02 4.954928970336914062e+01
-1.229776382446289062e+02 4.955318069458007812e+01
-1.229810104370117188e+02 4.955707550048828125e+01
-1.229843902587890625e+02 4.956096649169921875e+01
-1.229877624511718750e+02 4.956485748291015625e+01
-1.229911346435546875e+02 4.956874847412109375e+01
-1.229945068359375000e+02 4.957263946533203125e+01
-1.229978790283203125e+02 4.957653045654296875e+01
-1.230012512207031250e+02 4.958041763305664062e+01
-1.230046234130859375e+02 4.958430862426757812e+01
-1.230079956054687500e+02 4.958819961547851562e+01
-1.230113677978515625e+02 4.959208679199218750e+01
-1.230147399902343750e+02 4.959597778320312500e+01
-1.230181121826171875e+02 4.959986495971679688e+01
-1.230214843750000000e+02 4.960375213623046875e+01
-1.230248565673828125e+02 4.960763931274414062e+01
-1.230282363891601562e+02 4.961153030395507812e+01
-1.230316085815429688e+02 4.961541748046875000e+01
-1.230349807739257812e+02 4.961930465698242188e+01
-1.230383529663085938e+02 4.962318801879882812e+01
-1.230417251586914062e+02 4.962707519531250000e+01
-1.230450973510742188e+02 4.963096237182617188e+01
-1.230484695434570312e+02 4.963484954833984375e+01
-1.230518417358398438e+02 4.963873291015625000e+01
-1.230552139282226562e+02 4.964262008666992188e+01
-1.230585861206054688e+02 4.964650344848632812e+01
-1.230619583129882812e+02 4.965038681030273438e+01
-1.230653305053710938e+02 4.965427398681640625e+01
-1.230687026977539062e+02 4.965815734863281250e+01
-1.230720748901367188e+02 4.966204071044921875e+01
-1.230754547119140625e+02 4.966592407226562500e+01
-1.230788269042968750e+02 4.966980743408203125e+01
-1.230821990966796875e+02 4.967369079589843750e+01
-1.230855712890625000e+02 4.967757034301757812e+01
-1.230889434814453125e+02 4.968145370483398438e+01
-1.230923156738281250e+02 4.968533706665039062e+01
-1.230956878662109375e+02 4.968921661376953125e+01
-1.230990600585937500e+02 4.969309616088867188e+01
-1.231024322509765625e+02 4.969697952270507812e+01
-1.231058044433593750e+02 4.970085906982421875e+01
-1.231091766357421875e+02 4.970473861694335938e+01
-1.231125488281250000e+02 4.970861816406250000e+01
-1.231159210205078125e+02 4.971249771118164062e+01
-1.231192932128906250e+02 4.971637725830078125e+01
-1.231226730346679688e+02 4.972025680541992188e+01
-1.231260452270507812e+02 4.972413635253906250e+01
-1.231294174194335938e+02 4.972801589965820312e+01
-1.231327896118164062e+02 4.973189163208007812e+01
-1.231361618041992188e+02 4.973577117919921875e+01
-1.231395339965820312e+02 4.973964691162109375e+01
-1.231429061889648438e+02 4.974352645874023438e+01
-1.231462783813476562e+02 4.974740219116210938e+01
-1.231496505737304688e+02 4.975127792358398438e+01
-1.231530227661132812e+02 4.975515365600585938e+01
-1.231563949584960938e+02 4.975902938842773438e+01
-1.231597671508789062e+02 4.976290512084960938e+01
-1.231631393432617188e+02 4.976678085327148438e+01
-1.231665115356445312e+02 4.977065658569335938e+01
-1.231698913574218750e+02 4.977453231811523438e+01
-1.231732635498046875e+02 4.977840423583984375e+01
-1.231766357421875000e+02 4.978227996826171875e+01
-1.231800079345703125e+02 4.978615570068359375e+01
-1.231833801269531250e+02 4.979002761840820312e+01
-1.231867523193359375e+02 4.979389953613281250e+01
-1.231901245117187500e+02 4.979777526855468750e+01
-1.231934967041015625e+02 4.980164718627929688e+01
-1.231968688964843750e+02 4.980551910400390625e+01
-1.232002410888671875e+02 4.980939102172851562e+01
-1.232036132812500000e+02 4.981326293945312500e+01
-1.232069854736328125e+02 4.981713485717773438e+01
-1.232103576660156250e+02 4.982100296020507812e+01
-1.232137298583984375e+02 4.982487487792968750e+01
-1.232171020507812500e+02 4.982874679565429688e+01
-1.232204742431640625e+02 4.983261489868164062e+01
-1.232238540649414062e+02 4.983648681640625000e+01
-1.232272262573242188e+02 4.984035491943359375e+01
-1.232305984497070312e+02 4.984422302246093750e+01
-1.232339706420898438e+02 4.984809112548828125e+01
-1.232373428344726562e+02 4.985196304321289062e+01
-1.232407150268554688e+02 4.985583114624023438e+01
-1.232440872192382812e+02 4.985969924926757812e+01
-1.232474594116210938e+02 4.986356353759765625e+01
-1.232508316040039062e+02 4.986743164062500000e+01
-1.232542037963867188e+02 4.987129974365234375e+01
-1.232575759887695312e+02 4.987516784667968750e+01
-1.232609481811523438e+02 4.987903213500976562e+01
-1.232643203735351562e+02 4.988290023803710938e+01
-1.232676925659179688e+02 4.988676452636718750e+01
-1.232710647583007812e+02 4.989062881469726562e+01
-1.232744369506835938e+02 4.989449691772460938e+01
-1.232778091430664062e+02 4.989836120605468750e+01
-1.232811813354492188e+02 4.990222549438476562e+01
-1.232845611572265625e+02 4.990608978271484375e+01
-1.232879333496093750e+02 4.990995407104492188e+01
-1.232913055419921875e+02 4.991381835937500000e+01
-1.232946777343750000e+02 4.991767883300781250e+01
-1.232980499267578125e+02 4.992154312133789062e+01
-1.233014221191406250e+02 4.992540740966796875e+01
-1.233047943115234375e+02 4.992926788330078125e+01
-1.233081665039062500e+02 4.993313217163085938e+01
-1.233115386962890625e+02 4.993699264526367188e+01
-1.233149108886718750e+02 4.994085311889648438e+01
-1.233182830810546875e+02 4.994471359252929688e+01
-1.233216552734375000e+02 4.994857788085937500e+01
-1.233250274658203125e+02 4.995243835449218750e+01
-1.233283996582031250e+02 4.995629882812500000e+01
-1.233317718505859375e+02 4.996015548706054688e+01
-1.233351440429687500e+02 4.996401596069335938e+01
-1.233385162353515625e+02 4.996787643432617188e+01
-1.233418884277343750e+02 4.997173690795898438e+01
-1.233452606201171875e+02 4.997559356689453125e+01
-1.233486328125000000e+02 4.997945404052734375e+01
-1.233520050048828125e+02 4.998331069946289062e+01
-1.233553848266601562e+02 4.998716735839843750e+01
-1.233587570190429688e+02 4.999102401733398438e+01
-1.233621292114257812e+02 4.999488449096679688e+01
-1.233655014038085938e+02 4.999874114990234375e+01
-1.233688735961914062e+02 5.000259780883789062e+01
-1.233722457885742188e+02 5.000645446777343750e+01
-1.233756179809570312e+02 5.001030731201171875e+01
-1.233789901733398438e+02 5.001416397094726562e+01
-1.233823623657226562e+02 5.001802062988281250e+01
-1.233857345581054688e+02 5.002187347412109375e+01
-1.233891067504882812e+02 5.002573013305664062e+01
-1.233924789428710938e+02 5.002958297729492188e+01
-1.233958511352539062e+02 5.003343963623046875e+01
-1.233992233276367188e+02 5.003729248046875000e+01
-1.234025955200195312e+02 5.004114532470703125e+01
-1.234059677124023438e+02 5.004499816894531250e+01
-1.234093399047851562e+02 5.004885101318359375e+01
-1.234127120971679688e+02 5.005270385742187500e+01
-1.234160842895507812e+02 5.005655670166015625e+01
-1.234194564819335938e+02 5.006040954589843750e+01
-1.234228286743164062e+02 5.006426239013671875e+01
-1.234262008666992188e+02 5.006811141967773438e+01
-1.234295730590820312e+02 5.007196426391601562e+01
-1.234329452514648438e+02 5.007581329345703125e+01
-1.234363174438476562e+02 5.007966613769531250e+01
-1.234396896362304688e+02 5.008351516723632812e+01
-1.234430618286132812e+02 5.008736419677734375e+01
-1.234464340209960938e+02 5.009121322631835938e+01
-1.234498062133789062e+02 5.009506225585937500e+01
-1.234531784057617188e+02 5.009891128540039062e+01
-1.234565505981445312e+02 5.010276031494140625e+01
-1.234599227905273438e+02 5.010660934448242188e+01
-1.234633026123046875e+02 5.011045837402343750e+01
-1.234666748046875000e+02 5.011430358886718750e+01
-1.234700469970703125e+02 5.011815261840820312e+01
-1.234734191894531250e+02 5.012200164794921875e+01
-1.234767913818359375e+02 5.012584686279296875e+01
-1.234801635742187500e+02 5.012969207763671875e+01
-1.234835357666015625e+02 5.013354110717773438e+01
-1.234869079589843750e+02 5.013738632202148438e+01
-1.234902801513671875e+02 5.014123153686523438e+01
-1.234936523437500000e+02 5.014507675170898438e+01
-1.234970245361328125e+02 5.014892196655273438e+01
-1.235003967285156250e+02 5.015276718139648438e+01
-1.235037689208984375e+02 5.015660858154296875e+01
-1.235071411132812500e+02 5.016045379638671875e+01
-1.235105133056640625e+02 5.016429901123046875e+01
-1.235138854980468750e+02 5.016814041137695312e+01
-1.235172576904296875e+02 5.017198562622070312e+01
-1.235206298828125000e+02 5.017582702636718750e+01
-1.235240020751953125e+02 5.017966842651367188e+01
-1.235273742675781250e+02 5.018351364135742188e+01
-1.235307464599609375e+02 5.018735504150390625e+01
-1.235341186523437500e+02 5.019119644165039062e+01
-1.235374908447265625e+02 5.019503784179687500e+01
-1.235408630371093750e+02 5.019887924194335938e+01
-1.235442352294921875e+02 5.020272064208984375e+01
-1.235476074218750000e+02 5.020655822753906250e+01
-1.235509796142578125e+02 5.021039962768554688e+01
-1.235543518066406250e+02 5.021424102783203125e+01
-1.235577239990234375e+02 5.021807861328125000e+01
-1.235610961914062500e+02 5.022192001342773438e+01
-1.235644683837890625e+02 5.022575759887695312e+01
-1.235678405761718750e+02 5.022959518432617188e+01
-1.235712127685546875e+02 5.023343276977539062e+01
-1.235745849609375000e+02 5.023727035522460938e+01
-1.235779571533203125e+02 5.024110794067382812e+01
-1.235813293457031250e+02 5.024494552612304688e+01
-1.235847015380859375e+02 5.024878311157226562e+01
-1.235880737304687500e+02 5.025262069702148438e+01
-1.235914459228515625e+02 5.025645828247070312e+01
-1.235948181152343750e+02 5.026029205322265625e+01
-1.235981903076171875e+02 5.026412963867187500e+01
-1.236015625000000000e+02 5.026796340942382812e+01
-1.236049270629882812e+02 5.027180099487304688e+01
-1.236082992553710938e+02 5.027563476562500000e+01
-1.236116714477539062e+02 5.027946853637695312e+01
-1.236150436401367188e+02 5.028330230712890625e+01
-1.236184158325195312e+02 5.028713607788085938e+01
-1.236217880249023438e+02 5.029096984863281250e+01
-1.236251602172851562e+02 5.029480361938476562e+01
-1.236285324096679688e+02 5.029863739013671875e+01
-1.236319046020507812e+02 5.030247116088867188e+01
-1.236352767944335938e+02 5.030630493164062500e+01
-1.236386489868164062e+02 5.031013488769531250e+01
-1.236420211791992188e+02 5.031396865844726562e+01
-1.236453933715820312e+02 5.031779861450195312e+01
-1.236487655639648438e+02 5.032162857055664062e+01
-1.236521377563476562e+02 5.032546234130859375e+01
-1.236555099487304688e+02 5.032929229736328125e+01
-1.236588821411132812e+02 5.033312225341796875e+01
-1.236622543334960938e+02 5.033695220947265625e+01
-1.236656265258789062e+02 5.034078216552734375e+01
-1.236689987182617188e+02 5.034461212158203125e+01
-1.236723709106445312e+02 5.034844207763671875e+01
-1.236757431030273438e+02 5.035226821899414062e+01
-1.236791152954101562e+02 5.035609817504882812e+01
-1.236824874877929688e+02 5.035992813110351562e+01
-1.236858596801757812e+02 5.036375427246093750e+01
-1.236892242431640625e+02 5.036758041381835938e+01
-1.236925964355468750e+02 5.037141036987304688e+01
-1.236959686279296875e+02 5.037523651123046875e+01
-1.236993408203125000e+02 5.037906265258789062e+01
-1.237027130126953125e+02 5.038288879394531250e+01
-1.237060852050781250e+02 5.038671493530273438e+01
-1.237094573974609375e+02 5.039054107666015625e+01
-1.237128295898437500e+02 5.039436721801757812e+01
-1.237162017822265625e+02 5.039819335937500000e+01
-1.237195739746093750e+02 5.040201568603515625e+01
-1.237229461669921875e+02 5.040584182739257812e+01
-1.237263183593750000e+02 5.040966796875000000e+01
-1.237296905517578125e+02 5.041349029541015625e+01
-1.237330627441406250e+02 5.041731262207031250e+01
-1.237364273071289062e+02 5.042113876342773438e+01
-1.237397994995117188e+02 5.042496109008789062e+01
-1.237431716918945312e+02 5.042878341674804688e+01
-1.237465438842773438e+02 5.043260574340820312e+01
-1.237499160766601562e+02 5.043642807006835938e+01
-1.237532882690429688e+02 5.044025039672851562e+01
-1.237566604614257812e+02 5.044407272338867188e+01
-1.237600326538085938e+02 5.044789123535156250e+01
-1.237634048461914062e+02 5.045171356201171875e+01
-1.237667770385742188e+02 5.045553588867187500e+01
-1.237701492309570312e+02 5.045935440063476562e+01
-1.237735137939453125e+02 5.046317672729492188e+01
-1.237768859863281250e+02 5.046699523925781250e+01
-1.237802581787109375e+02 5.047081375122070312e+01
-1.237836303710937500e+02 5.047463226318359375e+01
-1.237870025634765625e+02 5.047845077514648438e+01
-1.237903747558593750e+02 5.048226928710937500e+01
-1.237937469482421875e+02 5.048608779907226562e+01
-1.237971191406250000e+02 5.048990631103515625e+01
-1.238004913330078125e+02 5.049372482299804688e+01
-1.238038558959960938e+02 5.049754333496093750e+01
-1.238072280883789062e+02 5.050135803222656250e+01
-1.238106002807617188e+02 5.050517654418945312e+01
-1.238139724731445312e+02 5.050899124145507812e+01
-1.238173446655273438e+02 5.051280975341796875e+01
-1.238207168579101562e+02 5.051662445068359375e+01
-1.238240890502929688e+02 5.052043914794921875e+01
-1.238274536132812500e+02 5.052425384521484375e+01
-1.238308258056640625e+02 5.052807235717773438e+01
-1.238341979980468750e+02 5.053188323974609375e+01
-1.238375701904296875e+02 5.053569793701171875e+01
-1.238409423828125000e+02 5.053951263427734375e+01
-1.238443145751953125e+02 5.054332733154296875e+01
-1.238476867675781250e+02 5.054714202880859375e+01
-1.238510513305664062e+02 5.055095291137695312e+01
-1.238544235229492188e+02 5.055476760864257812e+01
-1.238577957153320312e+02 5.055857849121093750e+01
-1.238611679077148438e+02 5.056239318847656250e+01
-1.238645401000976562e+02 5.056620407104492188e+01
-1.238679046630859375e+02 5.057001495361328125e+01
-1.238712768554687500e+02 5.057382583618164062e+01
-1.238746490478515625e+02 5.057763671875000000e+01
-1.238780212402343750e+02 5.058144760131835938e+01
-1.238813934326171875e+02 5.058525848388671875e+01
-1.238847656250000000e+02 5.058906936645507812e+01
-1.238881301879882812e+02 5.059288024902343750e+01
-1.238915023803710938e+02 5.059668731689453125e+01
-1.238948745727539062e+02 5.060049819946289062e+01
-1.238982467651367188e+02 5.060430526733398438e+01
-1.239016189575195312e+02 5.060811614990234375e+01
-1.239049835205078125e+02 5.061192321777343750e+01
-1.239083557128906250e+02 5.061573028564453125e+01
-1.239117279052734375e+02 5.061954116821289062e+01
-1.239151000976562500e+02 5.062334823608398438e+01
-1.239184646606445312e+02 5.062715530395507812e+01
-1.239218368530273438e+02 5.063096237182617188e+01
-1.239252090454101562e+02 5.063476943969726562e+01
-1.239285812377929688e+02 5.063857269287109375e+01
-1.239319458007812500e+02 5.064237976074218750e+01
-1.239353179931640625e+02 5.064618682861328125e+01
-1.239386901855468750e+02 5.064999008178710938e+01
-1.239420623779296875e+02 5.065379714965820312e+01
-1.239454269409179688e+02 5.065760040283203125e+01
-1.239487991333007812e+02 5.066140747070312500e+01
-1.239521713256835938e+02 5.066521072387695312e+01
-1.239555435180664062e+02 5.066901397705078125e+01
-1.239589080810546875e+02 5.067281723022460938e+01
-1.239622802734375000e+02 5.067662048339843750e+01
-1.239656524658203125e+02 5.068042373657226562e+01
-1.239690246582031250e+02 5.068422698974609375e+01
-1.239723892211914062e+02 5.068803024291992188e+01
-1.239757614135742188e+02 5.069183349609375000e+01
-1.239791336059570312e+02 5.069563293457031250e+01
-1.239824981689453125e+02 5.069943618774414062e+01
-1.239858703613281250e+02 5.070323562622070312e+01
-1.239892425537109375e+02 5.070703887939453125e+01
-1.239926071166992188e+02 5.071083831787109375e+01
-1.239959793090820312e+02 5.071463775634765625e+01
-1.239993515014648438e+02 5.071843719482421875e+01
-1.240027160644531250e+02 5.072223663330078125e+01
-1.240060882568359375e+02 5.072603988647460938e+01
-1.240094604492187500e+02 5.072983551025390625e+01
-1.240128250122070312e+02 5.073363494873046875e+01
-1.240161972045898438e+02 5.073743438720703125e+01
-1.240195693969726562e+02 5.074123382568359375e+01
-1.240229339599609375e+02 5.074502944946289062e+01
-1.240263061523437500e+02 5.074882888793945312e+01
-1.240296707153320312e+02 5.075262832641601562e+01
-1.240330429077148438e+02 5.075642395019531250e+01
-1.240364151000976562e+02 5.076021957397460938e+01
-1.240397796630859375e+02 5.076401901245117188e+01
-1.240431518554687500e+02 5.076781463623046875e+01
-1.240465164184570312e+02 5.077161026000976562e+01
-1.240498886108398438e+02 5.077540588378906250e+01
-1.240532531738281250e+02 5.077920150756835938e+01
-1.240566253662109375e+02 5.078299713134765625e+01
-1.240599899291992188e+02 5.078679275512695312e+01
-1.240633621215820312e+02 5.079058456420898438e+01
-1.240667343139648438e+02 5.079438018798828125e+01
-1.240700988769531250e+02 5.079817581176757812e+01
-1.240734710693359375e+02 5.080196762084960938e+01
-1.240768356323242188e+02 5.080575942993164062e+01
-1.240802078247070312e+02 5.080955505371093750e+01
-1.240835723876953125e+02 5.081334686279296875e+01
-1.240869445800781250e+02 5.081713867187500000e+01
-1.240903091430664062e+02 5.082093429565429688e+01
-1.240936737060546875e+02 5.082472610473632812e+01
-1.240970458984375000e+02 5.082851791381835938e+01
-1.241004104614257812e+02 5.083230590820312500e+01
-1.241037826538085938e+02 5.083609771728515625e+01
-1.241071472167968750e+02 5.083988952636718750e+01
-1.241105194091796875e+02 5.084368133544921875e+01
-1.241138839721679688e+02 5.084746932983398438e+01
-1.241172485351562500e+02 5.085126113891601562e+01
-1.241206207275390625e+02 5.085504913330078125e+01
-1.241239852905273438e+02 5.085884094238281250e+01
-1.241273498535156250e+02 5.086262893676757812e+01
-1.241307220458984375e+02 5.086642074584960938e+01
-1.241340866088867188e+02 5.087020874023437500e+01
-1.241374511718750000e+02 5.087399673461914062e+01
-1.241408233642578125e+02 5.087778472900390625e+01
-1.241441879272460938e+02 5.088157272338867188e+01
-1.241475524902343750e+02 5.088536071777343750e+01
-1.241509170532226562e+02 5.088914871215820312e+01
-1.241542892456054688e+02 5.089293289184570312e+01
-1.241576538085937500e+02 5.089672088623046875e+01
-1.241610183715820312e+02 5.090050888061523438e+01
-1.241643829345703125e+02 5.090429306030273438e+01
-1.241677474975585938e+02 5.090808105468750000e+01
-1.241711120605468750e+02 5.091186523437500000e+01
-1.241744766235351562e+02 5.091565322875976562e+01
-1.241778488159179688e+02 5.091943740844726562e+01
-1.241812133789062500e+02 5.092322158813476562e+01
-1.241845779418945312e+02 5.092700576782226562e+01
-1.241879425048828125e+02 5.093078994750976562e+01
-1.241913070678710938e+02 5.093457794189453125e+01
-1.241946716308593750e+02 5.093836212158203125e+01
-1.241980361938476562e+02 5.094214248657226562e+01
-1.242014007568359375e+02 5.094592666625976562e+01
-1.242047576904296875e+02 5.094971084594726562e+01
-1.242081222534179688e+02 5.095349502563476562e+01
-1.242114868164062500e+02 5.095727539062500000e+01
-1.242148513793945312e+02 5.096105957031250000e+01
-1.242182159423828125e+02 5.096484375000000000e+01
-1.242215728759765625e+02 5.096862411499023438e+01
-1.242249374389648438e+02 5.097240829467773438e+01
-1.242283020019531250e+02 5.097618865966796875e+01
-1.242316589355468750e+02 5.097996902465820312e+01
-1.242350234985351562e+02 5.098375320434570312e+01
-1.242383804321289062e+02 5.098753356933593750e+01
-1.242417449951171875e+02 5.099131393432617188e+01
-1.242451019287109375e+02 5.099509429931640625e+01
-1.242484664916992188e+02 5.099887466430664062e+01
-1.242518234252929688e+02 5.100265502929687500e+01
-1.242551803588867188e+02 5.100643539428710938e+01
-1.242585372924804688e+02 5.101021575927734375e+01
-1.242619018554687500e+02 5.101399612426757812e+01
-1.242652587890625000e+02 5.101777648925781250e+01
-1.242686157226562500e+02 5.102155685424804688e+01
-1.242719650268554688e+02 5.102533721923828125e+01
-1.242753219604492188e+02 5.102911758422851562e+01
-1.242786788940429688e+02 5.103289794921875000e+01
-1.242820281982421875e+02 5.103667831420898438e+01
-1.242853851318359375e+02 5.104045867919921875e+01
-1.242887344360351562e+02 5.104423904418945312e+01
-1.242920837402343750e+02 5.104801559448242188e+01
-1.242954330444335938e+02 5.105179595947265625e+01
-1.242987823486328125e+02 5.105557632446289062e+01
-1.243021316528320312e+02 5.105935668945312500e+01
-1.243054733276367188e+02 5.106314086914062500e+01
-1.243088150024414062e+02 5.106692123413085938e+01
-1.243121566772460938e+02 5.107070159912109375e+01
-1.243154907226562500e+02 5.107448577880859375e+01
-1.243188247680664062e+02 5.107826614379882812e+01
-1.243221588134765625e+02 5.108205032348632812e+01
-1.243254852294921875e+02 5.108583831787109375e+01
-1.243288040161132812e+02 5.108962249755859375e+01
-1.243321151733398438e+02 5.109341430664062500e+01
-1.243354187011718750e+02 5.109720611572265625e+01
-1.243387145996093750e+02 5.110100173950195312e+01
-1.243419876098632812e+02 5.110480117797851562e+01
-1.243419876098632812e+02 5.110480117797851562e+01
-1.243465881347656250e+02 5.110321807861328125e+01
-1.243512191772460938e+02 5.110162353515625000e+01
-1.243558578491210938e+02 5.110002517700195312e+01
-1.243605194091796875e+02 5.109841918945312500e+01
-1.243652038574218750e+02 5.109680938720703125e+01
-1.243698959350585938e+02 5.109519195556640625e+01
-1.243746032714843750e+02 5.109357070922851562e+01
-1.243793258666992188e+02 5.109194564819335938e+01
-1.243840560913085938e+02 5.109031295776367188e+01
-1.243888015747070312e+02 5.108868026733398438e+01
-1.243935546875000000e+02 5.108704376220703125e+01
-1.243983154296875000e+02 5.108540344238281250e+01
-1.244030914306640625e+02 5.108375930786132812e+01
-1.244078750610351562e+02 5.108211135864257812e+01
-1.244126663208007812e+02 5.108045959472656250e+01
-1.244174575805664062e+02 5.107880783081054688e+01
-1.244222640991210938e+02 5.107715225219726562e+01
-1.244270782470703125e+02 5.107549667358398438e+01
-1.244318923950195312e+02 5.107383346557617188e+01
-1.244367218017578125e+02 5.107217407226562500e+01
-1.244415512084960938e+02 5.107050704956054688e+01
-1.244463882446289062e+02 5.106884002685546875e+01
-1.244512329101562500e+02 5.106717300415039062e+01
-1.244560775756835938e+02 5.106550216674804688e+01
-1.244609298706054688e+02 5.106382751464843750e+01
-1.244657897949218750e+02 5.106215286254882812e+01
-1.244706573486328125e+02 5.106047821044921875e+01
-1.244755249023437500e+02 5.105879974365234375e+01
-1.244804000854492188e+02 5.105712127685546875e+01
-1.244852752685546875e+02 5.105543899536132812e+01
-1.244901580810546875e+02 5.105375671386718750e+01
-1.244950485229492188e+02 5.105207061767578125e+01
-1.244999389648437500e+02 5.105038452148437500e+01
-1.245048294067382812e+02 5.104869842529296875e+01
-1.245097274780273438e+02 5.104700851440429688e+01
-1.245146331787109375e+02 5.104531860351562500e+01
-1.245195388793945312e+02 5.104362869262695312e+01
-1.245244522094726562e+02 5.104193496704101562e+01
-1.245293655395507812e+02 5.104024124145507812e+01
-1.245342864990234375e+02 5.103854370117187500e+01
-1.245392074584960938e+02 5.103684616088867188e+01
-1.245441284179687500e+02 5.103514862060546875e+01
-1.245490570068359375e+02 5.103345108032226562e+01
-1.245539932250976562e+02 5.103174972534179688e+01
-1.245589218139648438e+02 5.103004837036132812e+01
-1.245638656616210938e+02 5.102834320068359375e+01
-1.245688018798828125e+02 5.102664184570312500e+01
-1.245737457275390625e+02 5.102493286132812500e+01
-1.245786972045898438e+02 5.102322769165039062e+01
-1.245836410522460938e+02 5.102152252197265625e+01
-1.245886001586914062e+02 5.101981353759765625e+01
-1.245935516357421875e+02 5.101810455322265625e+01
-1.245985107421875000e+02 5.101639175415039062e+01
-1.246034698486328125e+02 5.101468276977539062e+01
-1.246084365844726562e+02 5.101296997070312500e+01
-1.246134033203125000e+02 5.101125335693359375e+01
-1.246183700561523438e+02 5.100954055786132812e+01
-1.246233444213867188e+02 5.100782394409179688e+01
-1.246283187866210938e+02 5.100610733032226562e+01
-1.246332931518554688e+02 5.100439071655273438e+01
-1.246382751464843750e+02 5.100267410278320312e+01
-1.246432571411132812e+02 5.100095367431640625e+01
-1.246482391357421875e+02 5.099923324584960938e+01
-1.246532287597656250e+02 5.099751281738281250e+01
-1.246582183837890625e+02 5.099579238891601562e+01
-1.246632080078125000e+02 5.099406814575195312e+01
-1.246682052612304688e+02 5.099234390258789062e+01
-1.246731948852539062e+02 5.099061965942382812e+01
-1.246781997680664062e+02 5.098889541625976562e+01
-1.246831970214843750e+02 5.098716735839843750e+01
-1.246882019042968750e+02 5.098544311523437500e+01
-1.246932067871093750e+02 5.098371505737304688e+01
-1.246982116699218750e+02 5.098198699951171875e+01
-1.247032241821289062e+02 5.098025512695312500e+01
-1.247082290649414062e+02 5.097852706909179688e+01
-1.247132415771484375e+02 5.097679519653320312e+01
-1.247182617187500000e+02 5.097506332397460938e+01
-1.247232742309570312e+02 5.097333145141601562e+01
-1.247282943725585938e+02 5.097159957885742188e+01
-1.247333221435546875e+02 5.096986389160156250e+01
-1.247383422851562500e+02 5.096812820434570312e+01
-1.247433700561523438e+02 5.096639251708984375e+01
-1.247483978271484375e+02 5.096465682983398438e+01
-1.247534255981445312e+02 5.096292114257812500e+01
-1.247584533691406250e+02 5.096118164062500000e+01
-1.247634887695312500e+02 5.095944595336914062e+01
-1.247685241699218750e+02 5.095770645141601562e+01
-1.247735595703125000e+02 5.095596694946289062e+01
-1.247785949707031250e+02 5.095422744750976562e+01
-1.247836380004882812e+02 5.095248413085937500e+01
-1.247886810302734375e+02 5.095074462890625000e+01
-1.247937240600585938e+02 5.094900131225585938e+01
-1.247987670898437500e+02 5.094725799560546875e+01
-1.248038177490234375e+02 5.094551467895507812e+01
-1.248088684082031250e+02 5.094376754760742188e+01
-1.248139190673828125e+02 5.094202423095703125e+01
-1.248189697265625000e+02 5.094027709960937500e+01
-1.248240203857421875e+02 5.093852996826171875e+01
-1.248290786743164062e+02 5.093678283691406250e+01
-1.248341369628906250e+02 5.093503570556640625e+01
-1.248391952514648438e+02 5.093328857421875000e+01
-1.248442535400390625e+02 5.093153762817382812e+01
-1.248493194580078125e+02 5.092979049682617188e+01
-1.248543853759765625e+02 5.092803955078125000e+01
-1.248594512939453125e+02 5.092628860473632812e+01
-1.248645172119140625e+02 5.092453765869140625e+01
-1.248695831298828125e+02 5.092278289794921875e+01
-1.248746566772460938e+02 5.092103195190429688e+01
-1.248797302246093750e+02 5.091927719116210938e+01
-1.248848037719726562e+02 5.091752243041992188e+01
-1.248898773193359375e+02 5.091576766967773438e+01
-1.248949508666992188e+02 5.091401290893554688e+01
-1.249000320434570312e+02 5.091225814819335938e+01
-1.249051132202148438e+02 5.091050338745117188e+01
-1.249101943969726562e+02 5.090874481201171875e+01
-1.249152755737304688e+02 5.090698623657226562e+01
-1.249203567504882812e+02 5.090522766113281250e+01
-1.249254455566406250e+02 5.090346908569335938e+01
-1.249305343627929688e+02 5.090171051025390625e+01
-1.249356231689453125e+02 5.089995193481445312e+01
-1.249407119750976562e+02 5.089818954467773438e+01
-1.249458007812500000e+02 5.089643096923828125e+01
-1.249508972167968750e+02 5.089466857910156250e+01
-1.249559860229492188e+02 5.089290618896484375e+01
-1.249610824584960938e+02 5.089114379882812500e+01
-1.249661865234375000e+02 5.088938140869140625e+01
-1.249712829589843750e+02 5.088761520385742188e+01
-1.249763793945312500e+02 5.088585281372070312e+01
-1.249814834594726562e+02 5.088408660888671875e+01
-1.249865875244140625e+02 5.088232040405273438e+01
-1.249916915893554688e+02 5.088055419921875000e+01
-1.249967956542968750e+02 5.087878799438476562e+01
-1.250019073486328125e+02 5.087702178955078125e+01
-1.250070114135742188e+02 5.087525177001953125e+01
-1.250121231079101562e+02 5.087348556518554688e+01
-1.250172348022460938e+02 5.087171554565429688e+01
-1.250223464965820312e+02 5.086994552612304688e+01
-1.250274581909179688e+02 5.086817550659179688e+01
-1.250325775146484375e+02 5.086640548706054688e+01
-1.250376892089843750e+02 5.086463546752929688e+01
-1.250428085327148438e+02 5.086286544799804688e+01
-1.250479278564453125e+02 5.086109161376953125e+01
-1.250530471801757812e+02 5.085932159423828125e+01
-1.250581741333007812e+02 5.085754776000976562e+01
-1.250632934570312500e+02 5.085577392578125000e+01
-1.250684204101562500e+02 5.085400009155273438e+01
-1.250735473632812500e+02 5.085222625732421875e+01
-1.250786743164062500e+02 5.085044860839843750e+01
-1.250838012695312500e+02 5.084867477416992188e+01
-1.250889282226562500e+02 5.084689712524414062e+01
-1.250940628051757812e+02 5.084511947631835938e+01
-1.250991973876953125e+02 5.084334564208984375e+01
-1.251043319702148438e+02 5.084156799316406250e+01
-1.251094665527343750e+02 5.083978652954101562e+01
-1.251146011352539062e+02 5.083800888061523438e+01
-1.251197357177734375e+02 5.083623123168945312e+01
-1.251248779296875000e+02 5.083444976806640625e+01
-1.251300125122070312e+02 5.083267211914062500e+01
-1.251351547241210938e+02 5.083089065551757812e+01
-1.251402969360351562e+02 5.082910919189453125e+01
-1.251454391479492188e+02 5.082732772827148438e+01
-1.251505889892578125e+02 5.082554244995117188e+01
-1.251557312011718750e+02 5.082376098632812500e+01
-1.251608810424804688e+02 5.082197952270507812e+01
-1.251660308837890625e+02 5.082019424438476562e+01
-1.251711807250976562e+02 5.081840896606445312e+01
-1.251763305664062500e+02 5.081662368774414062e+01
-1.251814804077148438e+02 5.081484222412109375e+01
-1.251866378784179688e+02 5.081305313110351562e+01
-1.251917877197265625e+02 5.081126785278320312e+01
-1.251969451904296875e+02 5.080948257446289062e+01
-1.252021026611328125e+02 5.080769348144531250e+01
-1.252072601318359375e+02 5.080590820312500000e+01
-1.252124252319335938e+02 5.080411911010742188e+01
-1.252175827026367188e+02 5.080233001708984375e+01
-1.252227478027343750e+02 5.080054092407226562e+01
-1.252279052734375000e+02 5.079875183105468750e+01
-1.252330703735351562e+02 5.079696273803710938e+01
-1.252382354736328125e+02 5.079516983032226562e+01
-1.252434082031250000e+02 5.079338073730468750e+01
-1.252485733032226562e+02 5.079158782958984375e+01
-1.252537460327148438e+02 5.078979492187500000e+01
-1.252589111328125000e+02 5.078800201416015625e+01
-1.252640838623046875e+02 5.078620910644531250e+01
-1.252692565917968750e+02 5.078441619873046875e+01
-1.252744293212890625e+02 5.078262329101562500e+01
-1.252796096801757812e+02 5.078082656860351562e+01
-1.252847824096679688e+02 5.077903366088867188e+01
-1.252899627685546875e+02 5.077723693847656250e+01
-1.252951354980468750e+02 5.077544021606445312e+01
-1.253003158569335938e+02 5.077364349365234375e+01
-1.253054962158203125e+02 5.077184677124023438e+01
-1.253106842041015625e+02 5.077005004882812500e+01
-1.253158645629882812e+02 5.076825332641601562e+01
-1.253210525512695312e+02 5.076645660400390625e+01
-1.253262329101562500e+02 5.076465606689453125e+01
-1.253314208984375000e+02 5.076285552978515625e+01
-1.253366088867187500e+02 5.076105880737304688e+01
-1.253417968750000000e+02 5.075925827026367188e+01
-1.253469924926757812e+02 5.075745773315429688e+01
-1.253521804809570312e+02 5.075565338134765625e+01
-1.253573760986328125e+02 5.075385284423828125e+01
-1.253625717163085938e+02 5.075205230712890625e+01
-1.253677673339843750e+02 5.075024795532226562e+01
-1.253729629516601562e+02 5.074844360351562500e+01
-1.253781585693359375e+02 5.074664306640625000e+01
-1.253833541870117188e+02 5.074483871459960938e+01
-1.253885574340820312e+02 5.074303436279296875e+01
-1.253937530517578125e+02 5.074122619628906250e+01
-1.253989562988281250e+02 5.073942184448242188e+01
-1.254041595458984375e+02 5.073761749267578125e+01
-1.254093627929687500e+02 5.073580932617187500e+01
-1.254145736694335938e+02 5.073400115966796875e+01
-1.254197769165039062e+02 5.073219680786132812e+01
-1.254249877929687500e+02 5.073038864135742188e+01
-1.254301986694335938e+02 5.072858047485351562e+01
-1.254354095458984375e+02 5.072676849365234375e+01
-1.254406204223632812e+02 5.072496032714843750e+01
-1.254458312988281250e+02 5.072315216064453125e+01
-1.254510421752929688e+02 5.072134017944335938e+01
-1.254562606811523438e+02 5.071952819824218750e+01
-1.254614791870117188e+02 5.071772003173828125e+01
-1.254666900634765625e+02 5.071590805053710938e+01
-1.254719085693359375e+02 5.071409606933593750e+01
-1.254771347045898438e+02 5.071228027343750000e+01
-1.254823532104492188e+02 5.071046829223632812e+01
-1.254875717163085938e+02 5.070865631103515625e+01
-1.254927978515625000e+02 5.070684051513671875e+01
-1.254980239868164062e+02 5.070502471923828125e+01
-1.255032501220703125e+02 5.070321273803710938e+01
-1.255084762573242188e+02 5.070139694213867188e+01
-1.255137023925781250e+02 5.069957733154296875e+01
-1.255189285278320312e+02 5.069776153564453125e+01
-1.255241622924804688e+02 5.069594573974609375e+01
-1.255293960571289062e+02 5.069412612915039062e+01
-1.255346298217773438e+02 5.069231033325195312e+01
-1.255398635864257812e+02 5.069049072265625000e+01
-1.255450973510742188e+02 5.068867111206054688e+01
-1.255503311157226562e+02 5.068685150146484375e+01
-1.255555725097656250e+02 5.068503189086914062e+01
-1.255608062744140625e+02 5.068321228027343750e+01
-1.255660476684570312e+02 5.068139266967773438e+01
-1.255712890625000000e+02 5.067956924438476562e+01
-1.255765304565429688e+02 5.067774581909179688e+01
-1.255817718505859375e+02 5.067592620849609375e+01
-1.255870208740234375e+02 5.067410278320312500e+01
-1.255922622680664062e+02 5.067227935791015625e+01
-1.255975112915039062e+02 5.067045593261718750e+01
-1.256027603149414062e+02 5.066862869262695312e+01
-1.256080093383789062e+02 5.066680526733398438e+01
-1.256132659912109375e+02 5.066497802734375000e+01
-1.256185150146484375e+02 5.066315460205078125e+01
-1.256237716674804688e+02 5.066132736206054688e+01
-1.256290206909179688e+02 5.065950012207031250e+01
-1.256342773437500000e+02 5.065767288208007812e+01
-1.256395339965820312e+02 5.065584182739257812e+01
-1.256447906494140625e+02 5.065401458740234375e+01
-1.256500549316406250e+02 5.065218734741210938e+01
-1.256553115844726562e+02 5.065035629272460938e+01
-1.256605758666992188e+02 5.064852523803710938e+01
-1.256658401489257812e+02 5.064669418334960938e+01
-1.256711044311523438e+02 5.064486312866210938e+01
-1.256763687133789062e+02 5.064303207397460938e+01
-1.256816406250000000e+02 5.064120101928710938e+01
-1.256869049072265625e+02 5.063936614990234375e+01
-1.256921768188476562e+02 5.063753509521484375e+01
-1.256974487304687500e+02 5.063570022583007812e+01
-1.257027206420898438e+02 5.063386535644531250e+01
-1.257079925537109375e+02 5.063203048706054688e+01
-1.257132720947265625e+02 5.063019561767578125e+01
-1.257185440063476562e+02 5.062836074829101562e+01
-1.257238235473632812e+02 5.062652206420898438e+01
-1.257291030883789062e+02 5.062468719482421875e+01
-1.257343826293945312e+02 5.062284851074218750e+01
-1.257396621704101562e+02 5.062100982666015625e+01
-1.257449493408203125e+02 5.061917114257812500e+01
-1.257502288818359375e+02 5.061733245849609375e+01
-1.257555160522460938e+02 5.061549377441406250e+01
-1.257608032226562500e+02 5.061365127563476562e+01
-1.257660903930664062e+02 5.061181259155273438e+01
-1.257713851928710938e+02 5.060997009277343750e+01
-1.257766723632812500e+02 5.060812759399414062e+01
-1.257819671630859375e+02 5.060628509521484375e+01
-1.257872619628906250e+02 5.060444259643554688e+01
-1.257925567626953125e+02 5.060259628295898438e+01
-1.257978515625000000e+02 5.060075378417968750e+01
-1.258031539916992188e+02 5.059890747070312500e+01
-1.258084487915039062e+02 5.059706497192382812e+01
-1.258137512207031250e+02 5.059521865844726562e+01
-1.258190536499023438e+02 5.059336853027343750e+01
-1.258243560791015625e+02 5.059152221679687500e+01
-1.258296661376953125e+02 5.058967590332031250e+01
-1.258349685668945312e+02 5.058782577514648438e+01
-1.258402786254882812e+02 5.058597946166992188e+01
-1.258455886840820312e+02 5.058412933349609375e+01
-1.258508987426757812e+02 5.058227920532226562e+01
-1.258562164306640625e+02 5.058042526245117188e+01
-1.258615264892578125e+02 5.057857513427734375e+01
-1.258668441772460938e+02 5.057672500610351562e+01
-1.258721618652343750e+02 5.057487106323242188e+01
-1.258774795532226562e+02 5.057301712036132812e+01
-1.258828048706054688e+02 5.057116317749023438e+01
-1.258881225585937500e+02 5.056930923461914062e+01
-1.258934478759765625e+02 5.056745147705078125e+01
-1.258987731933593750e+02 5.056559753417968750e+01
-1.259040985107421875e+02 5.056373977661132812e+01
-1.259094314575195312e+02 5.056188201904296875e+01
-1.259147567749023438e+02 5.056002426147460938e+01
-1.259200897216796875e+02 5.055816650390625000e+01
-1.259254226684570312e+02 5.055630874633789062e+01
-1.259307632446289062e+02 5.055444717407226562e+01
-1.259360961914062500e+02 5.055258560180664062e+01
-1.259414367675781250e+02 5.055072402954101562e+01
-1.259467773437500000e+02 5.054886245727539062e+01
-1.259521179199218750e+02 5.054700088500976562e+01
-1.259574584960937500e+02 5.054513931274414062e+01
-1.259628067016601562e+02 5.054327392578125000e+01
-1.259681549072265625e+02 5.054140853881835938e+01
-1.259735031127929688e+02 5.053954315185546875e+01
-1.259788513183593750e+02 5.053767776489257812e+01
-1.259842071533203125e+02 5.053580856323242188e+01
-1.259895629882812500e+02 5.053394317626953125e+01
-1.259949188232421875e+02 5.053207397460937500e+01
-1.260002746582031250e+02 5.053020477294921875e+01
-1.260056381225585938e+02 5.052833557128906250e+01
-1.260110015869140625e+02 5.052646255493164062e+01
-1.260163650512695312e+02 5.052459335327148438e+01
-1.260217285156250000e+02 5.052272033691406250e+01
-1.260270996093750000e+02 5.052084732055664062e+01
-1.260324707031250000e+02 5.051897048950195312e+01
-1.260378417968750000e+02 5.051709747314453125e+01
-1.260432128906250000e+02 5.051522064208984375e+01
-1.260485916137695312e+02 5.051334381103515625e+01
-1.260539703369140625e+02 5.051146697998046875e+01
-1.260593490600585938e+02 5.050959014892578125e+01
-1.260647354125976562e+02 5.050770950317382812e+01
-1.260701217651367188e+02 5.050582885742187500e+01
-1.260755081176757812e+02 5.050394821166992188e+01
-1.260809020996093750e+02 5.050206756591796875e+01
-1.260862884521484375e+02 5.050018310546875000e+01
-1.260916824340820312e+02 5.049829864501953125e+01
-1.260970840454101562e+02 5.049641418457031250e+01
-1.261024780273437500e+02 5.049452972412109375e+01
-1.261078872680664062e+02 5.049264144897460938e+01
-1.261132888793945312e+02 5.049075698852539062e+01
-1.261186981201171875e+02 5.048886489868164062e+01
-1.261241073608398438e+02 5.048697662353515625e+01
-1.261295166015625000e+02 5.048508453369140625e+01
-1.261349334716796875e+02 5.048319244384765625e+01
-1.261403503417968750e+02 5.048130035400390625e+01
-1.261457672119140625e+02 5.047940826416015625e+01
-1.261511917114257812e+02 5.047751235961914062e+01
-1.261566162109375000e+02 5.047561645507812500e+01
-1.261620483398437500e+02 5.047371673583984375e+01
-1.261674804687500000e+02 5.047181701660156250e+01
-1.261729125976562500e+02 5.046991729736328125e+01
-1.261783523559570312e+02 5.046801757812500000e+01
-1.261837921142578125e+02 5.046611404418945312e+01
-1.261892395019531250e+02 5.046421051025390625e+01
-1.261946868896484375e+02 5.046230316162109375e+01
-1.262001419067382812e+02 5.046039962768554688e+01
-1.262055969238281250e+02 5.045848846435546875e+01
-1.262110519409179688e+02 5.045658111572265625e+01
-1.262165145874023438e+02 5.045466995239257812e+01
-1.262219848632812500e+02 5.045275497436523438e+01
-1.262274551391601562e+02 5.045083999633789062e+01
-1.262329254150390625e+02 5.044892501831054688e+01
-1.262384033203125000e+02 5.044700622558593750e+01
-1.262438888549804688e+02 5.044508743286132812e+01
-1.262493743896484375e+02 5.044316482543945312e+01
-1.262548675537109375e+02 5.044124221801757812e+01
-1.262603683471679688e+02 5.043931961059570312e+01
-1.262658691406250000e+02 5.043738937377929688e+01
-1.262713775634765625e+02 5.043545913696289062e+01
-1.262768859863281250e+02 5.043352890014648438e+01
-1.262824020385742188e+02 5.043159484863281250e+01
-1.262879257202148438e+02 5.042965698242187500e+01
-1.262934570312500000e+02 5.042771911621093750e+01
-1.262989959716796875e+02 5.042577743530273438e+01
-1.263045349121093750e+02 5.042383193969726562e+01
-1.263100891113281250e+02 5.042188262939453125e+01
-1.263156433105468750e+02 5.041993331909179688e+01
-1.263212051391601562e+02 5.041798019409179688e+01
-1.263267822265625000e+02 5.041601943969726562e+01
-1.263323593139648438e+02 5.041405868530273438e+01
-1.263379516601562500e+02 5.041209030151367188e+01
-1.263435516357421875e+02 5.041011810302734375e+01
-1.263491668701171875e+02 5.040814208984375000e+01
-1.263547897338867188e+02 5.040615844726562500e+01
-1.263604278564453125e+02 5.040416717529296875e+01
-1.263660812377929688e+02 5.040216827392578125e+01
-1.263717422485351562e+02 5.040016174316406250e+01
-1.263774261474609375e+02 5.039814376831054688e+01
-1.263831253051757812e+02 5.039611434936523438e+01
-1.263888320922851562e+02 5.039406967163085938e+01
-1.263945617675781250e+02 5.039200592041015625e+01
-1.264002914428710938e+02 5.038992691040039062e+01
-1.264002914428710938e+02 5.038992691040039062e+01
-1.263967895507812500e+02 5.038591766357421875e+01
-1.263933029174804688e+02 5.038191604614257812e+01
-1.263898239135742188e+02 5.037792205810546875e+01
-1.263863449096679688e+02 5.037393569946289062e+01
-1.263828811645507812e+02 5.036995697021484375e+01
-1.263794097900390625e+02 5.036598205566406250e+01
-1.263759536743164062e+02 5.036201095581054688e+01
-1.263724975585937500e+02 5.035804367065429688e+01
-1.263690414428710938e+02 5.035408020019531250e+01
-1.263655929565429688e+02 5.035012054443359375e+01
-1.263621444702148438e+02 5.034616088867187500e+01
-1.263586959838867188e+02 5.034220886230468750e+01
-1.263552551269531250e+02 5.033825683593750000e+01
-1.263518142700195312e+02 5.033430480957031250e+01
-1.263483810424804688e+02 5.033035659790039062e+01
-1.263449401855468750e+02 5.032641220092773438e+01
-1.263415069580078125e+02 5.032246780395507812e+01
-1.263380737304687500e+02 5.031852722167968750e+01
-1.263346481323242188e+02 5.031458663940429688e+01
-1.263312149047851562e+02 5.031064605712890625e+01
-1.263277893066406250e+02 5.030670928955078125e+01
-1.263243637084960938e+02 5.030277252197265625e+01
-1.263209381103515625e+02 5.029883956909179688e+01
-1.263175201416015625e+02 5.029490661621093750e+01
-1.263140945434570312e+02 5.029097366333007812e+01
-1.263106765747070312e+02 5.028704452514648438e+01
-1.263072586059570312e+02 5.028311538696289062e+01
-1.263038406372070312e+02 5.027918624877929688e+01
-1.263004226684570312e+02 5.027525711059570312e+01
-1.262970046997070312e+02 5.027133178710937500e+01
-1.262935943603515625e+02 5.026740646362304688e+01
-1.262901763916015625e+02 5.026348114013671875e+01
-1.262867660522460938e+02 5.025955581665039062e+01
-1.262833557128906250e+02 5.025563430786132812e+01
-1.262799453735351562e+02 5.025171279907226562e+01
-1.262765350341796875e+02 5.024779129028320312e+01
-1.262731246948242188e+02 5.024386978149414062e+01
-1.262697219848632812e+02 5.023994827270507812e+01
-1.262663116455078125e+02 5.023603057861328125e+01
-1.262629089355468750e+02 5.023211288452148438e+01
-1.262594985961914062e+02 5.022819137573242188e+01
-1.262560958862304688e+02 5.022427749633789062e+01
-1.262526931762695312e+02 5.022035980224609375e+01
-1.262492904663085938e+02 5.021644210815429688e+01
-1.262458877563476562e+02 5.021252822875976562e+01
-1.262424850463867188e+02 5.020861053466796875e+01
-1.262390899658203125e+02 5.020469665527343750e+01
-1.262356872558593750e+02 5.020078277587890625e+01
-1.262322921752929688e+02 5.019686889648437500e+01
-1.262288894653320312e+02 5.019295501708984375e+01
-1.262254943847656250e+02 5.018904495239257812e+01
-1.262220993041992188e+02 5.018513107299804688e+01
-1.262187042236328125e+02 5.018121719360351562e+01
-1.262153015136718750e+02 5.017730712890625000e+01
-1.262119064331054688e+02 5.017339706420898438e+01
-1.262085189819335938e+02 5.016948699951171875e+01
-1.262051239013671875e+02 5.016557693481445312e+01
-1.262017288208007812e+02 5.016166687011718750e+01
-1.261983337402343750e+02 5.015775680541992188e+01
-1.261949462890625000e+02 5.015384674072265625e+01
-1.261915512084960938e+02 5.014993667602539062e+01
-1.261881637573242188e+02 5.014602661132812500e+01
-1.261847686767578125e+02 5.014212036132812500e+01
-1.261813812255859375e+02 5.013821029663085938e+01
-1.261779937744140625e+02 5.013430404663085938e+01
-1.261745986938476562e+02 5.013039779663085938e+01
-1.261712112426757812e+02 5.012648773193359375e+01
-1.261678237915039062e+02 5.012258148193359375e+01
-1.261644363403320312e+02 5.011867523193359375e+01
-1.261610488891601562e+02 5.011476898193359375e+01
-1.261576614379882812e+02 5.011086273193359375e+01
-1.261542816162109375e+02 5.010695648193359375e+01
-1.261508941650390625e+02 5.010305023193359375e+01
-1.261475067138671875e+02 5.009914398193359375e+01
-1.261441192626953125e+02 5.009523773193359375e+01
-1.261407394409179688e+02 5.009133148193359375e+01
-1.261373519897460938e+02 5.008742523193359375e+01
-1.261339721679687500e+02 5.008352279663085938e+01
-1.261305847167968750e+02 5.007961654663085938e+01
-1.261272048950195312e+02 5.007571029663085938e+01
-1.261238250732421875e+02 5.007180786132812500e+01
-1.261204376220703125e+02 5.006790161132812500e+01
-1.261170578002929688e+02 5.006399917602539062e+01
-1.261136779785156250e+02 5.006009292602539062e+01
-1.261102981567382812e+02 5.005619049072265625e+01
-1.261069183349609375e+02 5.005228424072265625e+01
-1.261035385131835938e+02 5.004838180541992188e+01
-1.261001586914062500e+02 5.004447937011718750e+01
-1.260967788696289062e+02 5.004057312011718750e+01
-1.260933990478515625e+02 5.003667068481445312e+01
-1.260900192260742188e+02 5.003276824951171875e+01
-1.260866470336914062e+02 5.002886581420898438e+01
-1.260832672119140625e+02 5.002495956420898438e+01
-1.260798873901367188e+02 5.002105712890625000e+01
-1.260765075683593750e+02 5.001715469360351562e+01
-1.260731353759765625e+02 5.001325225830078125e+01
-1.260697555541992188e+02 5.000934982299804688e+01
-1.260663833618164062e+02 5.000544357299804688e+01
-1.260630035400390625e+02 5.000154113769531250e+01
-1.260596313476562500e+02 4.999763870239257812e+01
-1.260562515258789062e+02 4.999373626708984375e+01
-1.260528793334960938e+02 4.998983383178710938e+01
-1.260495071411132812e+02 4.998593139648437500e+01
-1.260461273193359375e+02 4.998202896118164062e+01
-1.260427551269531250e+02 4.997812652587890625e+01
-1.260393829345703125e+02 4.997422027587890625e+01
-1.260360107421875000e+02 4.997031784057617188e+01
-1.260326385498046875e+02 4.996641540527343750e+01
-1.260292663574218750e+02 4.996251296997070312e+01
-1.260258941650390625e+02 4.995861053466796875e+01
-1.260225219726562500e+02 4.995470809936523438e+01
-1.260191497802734375e+02 4.995080566406250000e+01
-1.260157775878906250e+02 4.994690322875976562e+01
-1.260124053955078125e+02 4.994300079345703125e+01
-1.260090332031250000e+02 4.993909835815429688e+01
-1.260056610107421875e+02 4.993519592285156250e+01
-1.260022888183593750e+02 4.993128967285156250e+01
-1.259989166259765625e+02 4.992738723754882812e+01
-1.259955520629882812e+02 4.992348480224609375e+01
-1.259921798706054688e+02 4.991958236694335938e+01
-1.259888076782226562e+02 4.991567993164062500e+01
-1.259854431152343750e+02 4.991177749633789062e+01
-1.259820709228515625e+02 4.990787506103515625e+01
-1.259786987304687500e+02 4.990397262573242188e+01
-1.259753341674804688e+02 4.990006637573242188e+01
-1.259719619750976562e+02 4.989616394042968750e+01
-1.259685974121093750e+02 4.989226150512695312e+01
-1.259652252197265625e+02 4.988835906982421875e+01
-1.259618606567382812e+02 4.988445663452148438e+01
-1.259584884643554688e+02 4.988055038452148438e+01
-1.259551239013671875e+02 4.987664794921875000e+01
-1.259517593383789062e+02 4.987274551391601562e+01
-1.259483871459960938e+02 4.986884307861328125e+01
-1.259450225830078125e+02 4.986493682861328125e+01
-1.259416580200195312e+02 4.986103439331054688e+01
-1.259382934570312500e+02 4.985713195800781250e+01
-1.259349212646484375e+02 4.985322570800781250e+01
-1.259315567016601562e+02 4.984932327270507812e+01
-1.259281921386718750e+02 4.984541702270507812e+01
-1.259248275756835938e+02 4.984151458740234375e+01
-1.259214630126953125e+02 4.983760833740234375e+01
-1.259180984497070312e+02 4.983370590209960938e+01
-1.259147338867187500e+02 4.982979965209960938e+01
-1.259113693237304688e+02 4.982589721679687500e+01
-1.259080047607421875e+02 4.982199096679687500e+01
-1.259046401977539062e+02 4.981808853149414062e+01
-1.259012756347656250e+02 4.981418228149414062e+01
-1.258979110717773438e+02 4.981027984619140625e+01
-1.258945465087890625e+02 4.980637359619140625e+01
-1.258911819458007812e+02 4.980246734619140625e+01
-1.258878173828125000e+02 4.979856109619140625e+01
-1.258844528198242188e+02 4.979465866088867188e+01
-1.258810882568359375e+02 4.979075241088867188e+01
-1.258777313232421875e+02 4.978684616088867188e+01
-1.258743667602539062e+02 4.978293991088867188e+01
-1.258710021972656250e+02 4.977903366088867188e+01
-1.258676376342773438e+02 4.977513122558593750e+01
-1.258642807006835938e+02 4.977122497558593750e+01
-1.258609161376953125e+02 4.976731872558593750e+01
-1.258575515747070312e+02 4.976341247558593750e+01
-1.258541946411132812e+02 4.975950622558593750e+01
-1.258508300781250000e+02 4.975559997558593750e+01
-1.258474655151367188e+02 4.975168991088867188e+01
-1.258441085815429688e+02 4.974778366088867188e+01
-1.258407440185546875e+02 4.974387741088867188e+01
-1.258373870849609375e+02 4.973997116088867188e+01
-1.258340225219726562e+02 4.973606491088867188e+01
-1.258306655883789062e+02 4.973215484619140625e+01
-1.258273010253906250e+02 4.972824859619140625e+01
-1.258239440917968750e+02 4.972434234619140625e+01
-1.258205795288085938e+02 4.972043228149414062e+01
-1.258172225952148438e+02 4.971652603149414062e+01
-1.258138580322265625e+02 4.971261596679687500e+01
-1.258105010986328125e+02 4.970870971679687500e+01
-1.258071441650390625e+02 4.970479965209960938e+01
-1.258037796020507812e+02 4.970089340209960938e+01
-1.258004226684570312e+02 4.969698333740234375e+01
-1.257970657348632812e+02 4.969307708740234375e+01
-1.257937011718750000e+02 4.968916702270507812e+01
-1.257903442382812500e+02 4.968525695800781250e+01
-1.257869873046875000e+02 4.968134689331054688e+01
-1.257836227416992188e+02 4.967743682861328125e+01
-1.257802658081054688e+02 4.967353057861328125e+01
-1.257769088745117188e+02 4.966962051391601562e+01
-1.257735519409179688e+02 4.966571044921875000e+01
-1.257701950073242188e+02 4.966180038452148438e+01
-1.257668304443359375e+02 4.965789031982421875e+01
-1.257634735107421875e+02 4.965398025512695312e+01
-1.257601165771484375e+02 4.965006637573242188e+01
-1.257567596435546875e+02 4.964615631103515625e+01
-1.257534027099609375e+02 4.964224624633789062e+01
-1.257500457763671875e+02 4.963833618164062500e+01
-1.257466888427734375e+02 4.963442230224609375e+01
-1.257433319091796875e+02 4.963051223754882812e+01
-1.257399749755859375e+02 4.962660217285156250e+01
-1.257366180419921875e+02 4.962268829345703125e+01
-1.257332611083984375e+02 4.961877822875976562e+01
-1.257299041748046875e+02 4.961486434936523438e+01
-1.257265472412109375e+02 4.961095046997070312e+01
-1.257231903076171875e+02 4.960704040527343750e+01
-1.257198333740234375e+02 4.960312652587890625e+01
-1.257164764404296875e+02 4.959921264648437500e+01
-1.257131195068359375e+02 4.959529876708984375e+01
-1.257097625732421875e+02 4.959138870239257812e+01
-1.257064056396484375e+02 4.958747482299804688e+01
-1.257030487060546875e+02 4.958356094360351562e+01
-1.256996917724609375e+02 4.957964706420898438e+01
-1.256963424682617188e+02 4.957573318481445312e+01
-1.256929855346679688e+02 4.957181930541992188e+01
-1.256896286010742188e+02 4.956790161132812500e+01
-1.256862716674804688e+02 4.956398773193359375e+01
-1.256829147338867188e+02 4.956007385253906250e+01
-1.256795578002929688e+02 4.955615997314453125e+01
-1.256762084960937500e+02 4.955224227905273438e+01
-1.256728515625000000e+02 4.954832839965820312e+01
-1.256694946289062500e+02 4.954441070556640625e+01
-1.256661376953125000e+02 4.954049682617187500e+01
-1.256627883911132812e+02 4.953657913208007812e+01
-1.256594314575195312e+02 4.953266525268554688e+01
-1.256560745239257812e+02 4.952874755859375000e+01
-1.256527252197265625e+02 4.952482986450195312e+01
-1.256493682861328125e+02 4.952091217041015625e+01
-1.256460113525390625e+02 4.951699829101562500e+01
-1.256426620483398438e+02 4.951308059692382812e+01
-1.256393051147460938e+02 4.950916290283203125e+01
-1.256359481811523438e+02 4.950524520874023438e+01
-1.256325988769531250e+02 4.950132751464843750e+01
-1.256292419433593750e+02 4.949740982055664062e+01
-1.256258926391601562e+02 4.949348831176757812e+01
-1.256225357055664062e+02 4.948957061767578125e+01
-1.256191787719726562e+02 4.948565292358398438e+01
-1.256158294677734375e+02 4.948173522949218750e+01
-1.256124725341796875e+02 4.947781372070312500e+01
-1.256091232299804688e+02 4.947389602661132812e+01
-1.256057662963867188e+02 4.946997451782226562e+01
-1.256024169921875000e+02 4.946605682373046875e+01
-1.255990600585937500e+02 4.946213531494140625e+01
-1.255957107543945312e+02 4.945821380615234375e+01
-1.255923538208007812e+02 4.945429611206054688e+01
-1.255890045166015625e+02 4.945037460327148438e+01
-1.255856475830078125e+02 4.944645309448242188e+01
-1.255822982788085938e+02 4.944253158569335938e+01
-1.255789413452148438e+02 4.943861007690429688e+01
-1.255755920410156250e+02 4.943468856811523438e+01
-1.255722351074218750e+02 4.943076705932617188e+01
-1.255688858032226562e+02 4.942684555053710938e+01
-1.255655364990234375e+02 4.942292022705078125e+01
-1.255621795654296875e+02 4.941899871826171875e+01
-1.255588302612304688e+02 4.941507720947265625e+01
-1.255554809570312500e+02 4.941115188598632812e+01
-1.255521240234375000e+02 4.940723037719726562e+01
-1.255487747192382812e+02 4.940330505371093750e+01
-1.255454177856445312e+02 4.939938354492187500e+01
-1.255420684814453125e+02 4.939545822143554688e+01
-1.255387191772460938e+02 4.939153671264648438e+01
-1.255353622436523438e+02 4.938761138916015625e+01
-1.255320129394531250e+02 4.938368606567382812e+01
-1.255286636352539062e+02 4.937976074218750000e+01
-1.255253143310546875e+02 4.937583541870117188e+01
-1.255219573974609375e+02 4.937191009521484375e+01
-1.255186080932617188e+02 4.936798477172851562e+01
-1.255152587890625000e+02 4.936405944824218750e+01
-1.255119018554687500e+02 4.936013412475585938e+01
-1.255085525512695312e+02 4.935620880126953125e+01
-1.255052032470703125e+02 4.935227966308593750e+01
-1.255018539428710938e+02 4.934835433959960938e+01
-1.254984970092773438e+02 4.934442520141601562e+01
-1.254951477050781250e+02 4.934049987792968750e+01
-1.254917984008789062e+02 4.933657073974609375e+01
-1.254884490966796875e+02 4.933264541625976562e+01
-1.254850997924804688e+02 4.932871627807617188e+01
-1.254817428588867188e+02 4.932478713989257812e+01
-1.254783935546875000e+02 4.932085800170898438e+01
-1.254750442504882812e+02 4.931693267822265625e+01
-1.254716949462890625e+02 4.931300354003906250e+01
-1.254683456420898438e+02 4.930907440185546875e+01
-1.254649963378906250e+02 4.930514526367187500e+01
-1.254616470336914062e+02 4.930121231079101562e+01
-1.254582901000976562e+02 4.929728317260742188e+01
-1.254549407958984375e+02 4.929335403442382812e+01
-1.254515914916992188e+02 4.928942489624023438e+01
-1.254482421875000000e+02 4.928549194335937500e+01
-1.254448928833007812e+02 4.928156280517578125e+01
-1.254415435791015625e+02 4.927762985229492188e+01
-1.254381942749023438e+02 4.927370071411132812e+01
-1.254348449707031250e+02 4.926976776123046875e+01
-1.254314956665039062e+02 4.926583480834960938e+01
-1.254281463623046875e+02 4.926190567016601562e+01
-1.254247970581054688e+02 4.925797271728515625e+01
-1.254214401245117188e+02 4.925403976440429688e+01
-1.254180908203125000e+02 4.925010681152343750e+01
-1.254147415161132812e+02 4.924617385864257812e+01
-1.254113922119140625e+02 4.924224090576171875e+01
-1.254080429077148438e+02 4.923830795288085938e+01
-1.254046936035156250e+02 4.923437118530273438e+01
-1.254013442993164062e+02 4.923043823242187500e+01
-1.253979949951171875e+02 4.922650527954101562e+01
-1.253946456909179688e+02 4.922256851196289062e+01
-1.253912963867187500e+02 4.921863555908203125e+01
-1.253879470825195312e+02 4.921469879150390625e+01
-1.253845977783203125e+02 4.921076202392578125e+01
-1.253812484741210938e+02 4.920682907104492188e+01
-1.253778991699218750e+02 4.920289230346679688e+01
-1.253745574951171875e+02 4.919895553588867188e+01
-1.253712081909179688e+02 4.919501876831054688e+01
-1.253678588867187500e+02 4.919108200073242188e+01
-1.253645095825195312e+02 4.918714523315429688e+01
-1.253611602783203125e+02 4.918320846557617188e+01
-1.253578109741210938e+02 4.917927169799804688e+01
-1.253544616699218750e+02 4.917533493041992188e+01
-1.253511123657226562e+02 4.917139434814453125e+01
-1.253477630615234375e+02 4.916745758056640625e+01
-1.253444137573242188e+02 4.916352081298828125e+01
-1.253410644531250000e+02 4.915958023071289062e+01
-1.253377151489257812e+02 4.915564346313476562e+01
-1.253343734741210938e+02 4.915170288085937500e+01
-1.253310241699218750e+02 4.914776229858398438e+01
-1.253276748657226562e+02 4.914382171630859375e+01
-1.253243255615234375e+02 4.913988494873046875e+01
-1.253209762573242188e+02 4.913594436645507812e+01
-1.253176269531250000e+02 4.913200378417968750e+01
-1.253142776489257812e+02 4.912806320190429688e+01
-1.253109359741210938e+02 4.912411880493164062e+01
-1.253075866699218750e+02 4.912017822265625000e+01
-1.253042373657226562e+02 4.911623764038085938e+01
-1.253008880615234375e+02 4.911229705810546875e+01
-1.252975387573242188e+02 4.910835266113281250e+01
-1.252941970825195312e+02 4.910441207885742188e+01
-1.252908477783203125e+02 4.910046768188476562e+01
-1.252874984741210938e+02 4.909652709960937500e+01
-1.252841491699218750e+02 4.909258270263671875e+01
-1.252807998657226562e+02 4.908863830566406250e+01
-1.252774581909179688e+02 4.908469772338867188e+01
-1.252741088867187500e+02 4.908075332641601562e+01
-1.252707595825195312e+02 4.907680892944335938e+01
-1.252674102783203125e+02 4.907286453247070312e+01
-1.252640686035156250e+02 4.906892013549804688e+01
-1.252607192993164062e+02 4.906497573852539062e+01
-1.252573699951171875e+02 4.906102752685546875e+01
-1.252540206909179688e+02 4.905708312988281250e+01
-1.252506790161132812e+02 4.905313873291015625e+01
-1.252473297119140625e+02 4.904919052124023438e+01
-1.252439804077148438e+02 4.904524612426757812e+01
-1.252406311035156250e+02 4.904129791259765625e+01
-1.252372894287109375e+02 4.903735351562500000e+01
-1.252339401245117188e+02 4.903340530395507812e+01
-1.252305908203125000e+02 4.902945709228515625e+01
-1.252272491455078125e+02 4.902550888061523438e+01
-1.252238998413085938e+02 4.902156066894531250e+01
-1.252205505371093750e+02 4.901761245727539062e+01
-1.252172088623046875e+02 4.901366424560546875e+01
-1.252138595581054688e+02 4.900971603393554688e+01
-1.252105102539062500e+02 4.900576782226562500e+01
-1.252071685791015625e+02 4.900181961059570312e+01
-1.252038192749023438e+02 4.899787139892578125e+01
-1.252004699707031250e+02 4.899391937255859375e+01
-1.251971282958984375e+02 4.898997116088867188e+01
-1.251937789916992188e+02 4.898601913452148438e+01
-1.251904296875000000e+02 4.898207092285156250e+01
-1.251870880126953125e+02 4.897811889648437500e+01
-1.251837387084960938e+02 4.897416687011718750e+01
-1.251803970336914062e+02 4.897021484375000000e+01
-1.251770477294921875e+02 4.896626281738281250e+01
-1.251736984252929688e+02 4.896231460571289062e+01
-1.251703567504882812e+02 4.895836257934570312e+01
-1.251670074462890625e+02 4.895440673828125000e+01
-1.251636657714843750e+02 4.895045471191406250e+01
-1.251603164672851562e+02 4.894650268554687500e+01
-1.251569671630859375e+02 4.894255065917968750e+01
-1.251536254882812500e+02 4.893859481811523438e+01
-1.251502761840820312e+02 4.893464279174804688e+01
-1.251469345092773438e+02 4.893069076538085938e+01
-1.251435852050781250e+02 4.892673492431640625e+01
-1.251402435302734375e+02 4.892277908325195312e+01
-1.251368942260742188e+02 4.891882705688476562e+01
-1.251335449218750000e+02 4.891487121582031250e+01
-1.251302032470703125e+02 4.891091537475585938e+01
-1.251268539428710938e+02 4.890695953369140625e+01
-1.251235122680664062e+02 4.890300369262695312e+01
-1.251201629638671875e+02 4.889904785156250000e+01
-1.251168212890625000e+02 4.889509201049804688e+01
-1.251134719848632812e+02 4.889113616943359375e+01
-1.251101303100585938e+02 4.888717651367187500e+01
-1.251067810058593750e+02 4.888322067260742188e+01
-1.251034393310546875e+02 4.887926483154296875e+01
-1.251000900268554688e+02 4.887530517578125000e+01
-1.250967483520507812e+02 4.887134933471679688e+01
-1.250933990478515625e+02 4.886738967895507812e+01
-1.250900573730468750e+02 4.886343002319335938e+01
-1.250867080688476562e+02 4.885947418212890625e+01
-1.250833663940429688e+02 4.885551452636718750e+01
-1.250800247192382812e+02 4.885155487060546875e+01
-1.250766754150390625e+02 4.884759521484375000e+01
-1.250733337402343750e+02 4.884363555908203125e+01
-1.250699844360351562e+02 4.883967590332031250e+01
-1.250666427612304688e+02 4.883571624755859375e+01
-1.250632934570312500e+02 4.883175659179687500e+01
-1.250599517822265625e+02 4.882779312133789062e+01
-1.250566101074218750e+02 4.882383346557617188e+01
-1.250532608032226562e+02 4.881986999511718750e+01
-1.250499191284179688e+02 4.881591033935546875e+01
-1.250465698242187500e+02 4.881194686889648438e+01
-1.250432281494140625e+02 4.880798721313476562e+01
-1.250398864746093750e+02 4.880402374267578125e+01
-1.250365371704101562e+02 4.880006027221679688e+01
-1.250331954956054688e+02 4.879609680175781250e+01
-1.250298461914062500e+02 4.879213714599609375e+01
-1.250265045166015625e+02 4.878817367553710938e+01
-1.250231628417968750e+02 4.878420639038085938e+01
-1.250198135375976562e+02 4.878024291992187500e+01
-1.250164718627929688e+02 4.877627944946289062e+01
-1.250131301879882812e+02 4.877231597900390625e+01
-1.250097808837890625e+02 4.876835250854492188e+01
-1.250064392089843750e+02 4.876438522338867188e+01
-1.250030975341796875e+02 4.876042175292968750e+01
-1.249997482299804688e+02 4.875645446777343750e+01
-1.249964065551757812e+02 4.875249099731445312e+01
-1.249930648803710938e+02 4.874852371215820312e+01
-1.249897155761718750e+02 4.874455642700195312e+01
-1.249863739013671875e+02 4.874058914184570312e+01
-1.249830322265625000e+02 4.873662567138671875e+01
-1.249796905517578125e+02 4.873265838623046875e+01
-1.249763412475585938e+02 4.872869110107421875e+01
-1.249729995727539062e+02 4.872472381591796875e+01
-1.249696578979492188e+02 4.872075271606445312e+01
-1.249663162231445312e+02 4.871678543090820312e+01
-1.249629669189453125e+02 4.871281814575195312e+01
-1.249596252441406250e+02 4.870885086059570312e+01
-1.249562835693359375e+02 4.870487976074218750e+01
-1.249529418945312500e+02 4.870091247558593750e+01
-1.249495925903320312e+02 4.869694137573242188e+01
-1.249462509155273438e+02 4.869297409057617188e+01
-1.249429092407226562e+02 4.868900299072265625e+01
-1.249395675659179688e+02 4.868503189086914062e+01
-1.249362258911132812e+02 4.868106079101562500e+01
-1.249328765869140625e+02 4.867708969116210938e+01
-1.249295349121093750e+02 4.867311859130859375e+01
-1.249261932373046875e+02 4.866914749145507812e+01
-1.249228515625000000e+02 4.866517639160156250e+01
-1.249195098876953125e+02 4.866120529174804688e+01
-1.249161605834960938e+02 4.865723419189453125e+01
-1.249128189086914062e+02 4.865326309204101562e+01
-1.249094772338867188e+02 4.864928817749023438e+01
-1.249061355590820312e+02 4.864531707763671875e+01
-1.249027938842773438e+02 4.864134597778320312e+01
-1.248994522094726562e+02 4.863737106323242188e+01
-1.248961105346679688e+02 4.863339614868164062e+01
-1.248927688598632812e+02 4.862942504882812500e+01
-1.248894195556640625e+02 4.862545013427734375e+01
-1.248860778808593750e+02 4.862147521972656250e+01
-1.248827362060546875e+02 4.861750030517578125e+01
-1.248793945312500000e+02 4.861352539062500000e+01
-1.248760528564453125e+02 4.860955047607421875e+01
-1.248727111816406250e+02 4.860557556152343750e+01
-1.248693695068359375e+02 4.860160064697265625e+01
-1.248660278320312500e+02 4.859762573242187500e+01
-1.248626861572265625e+02 4.859365081787109375e+01
-1.248593444824218750e+02 4.858967208862304688e+01
-1.248560028076171875e+02 4.858569717407226562e+01
-1.248526611328125000e+02 4.858172225952148438e+01
-1.248493194580078125e+02 4.857774353027343750e+01
-1.248459777832031250e+02 4.857376861572265625e+01
-1.248426361083984375e+02 4.856978988647460938e+01
-1.248392944335937500e+02 4.856581115722656250e+01
-1.248359527587890625e+02 4.856183242797851562e+01
-1.248326110839843750e+02 4.855785751342773438e+01
-1.248292694091796875e+02 4.855387878417968750e+01
-1.248259277343750000e+02 4.854990005493164062e+01
-1.248225860595703125e+02 4.854592132568359375e+01
-1.248192443847656250e+02 4.854194259643554688e+01
-1.248159027099609375e+02 4.853796386718750000e+01
-1.248125610351562500e+02 4.853398132324218750e+01
-1.248092193603515625e+02 4.853000259399414062e+01
-1.248058776855468750e+02 4.852602386474609375e+01
-1.248025360107421875e+02 4.852204132080078125e+01
-1.247991943359375000e+02 4.851806259155273438e+01
-1.247958602905273438e+02 4.851408004760742188e+01
-1.247925186157226562e+02 4.851010131835937500e+01
-1.247891769409179688e+02 4.850611877441406250e+01
-1.247858352661132812e+02 4.850214004516601562e+01
-1.247824935913085938e+02 4.849815750122070312e+01
-1.247791519165039062e+02 4.849417495727539062e+01
-1.247758102416992188e+02 4.849019241333007812e+01
-1.247724761962890625e+02 4.848620986938476562e+01
-1.247691345214843750e+02 4.848222732543945312e+01
-1.247657928466796875e+02 4.847824478149414062e+01
-1.247624511718750000e+02 4.847426223754882812e+01
-1.247591094970703125e+02 4.847027969360351562e+01
-1.247557754516601562e+02 4.846629333496093750e+01
-1.247524337768554688e+02 4.846231079101562500e+01
-1.247490921020507812e+02 4.845832824707031250e+01
-1.247457504272460938e+02 4.845434188842773438e+01
-1.247424163818359375e+02 4.845035934448242188e+01
-1.247390747070312500e+02 4.844637298583984375e+01
-1.247357330322265625e+02 4.844239044189453125e+01
-1.247323913574218750e+02 4.843840408325195312e+01
-1.247290573120117188e+02 4.843441772460937500e+01
-1.247257156372070312e+02 4.843043518066406250e+01
-1.247223739624023438e+02 4.842644882202148438e+01
-1.247190399169921875e+02 4.842246246337890625e+01
-1.247156982421875000e+02 4.841847610473632812e+01
-1.247123565673828125e+02 4.841448974609375000e+01
-1.247090225219726562e+02 4.841050338745117188e+01
-1.247056808471679688e+02 4.840651702880859375e+01
-1.247023391723632812e+02 4.840253067016601562e+01
-1.246990051269531250e+02 4.839854049682617188e+01
-1.246956634521484375e+02 4.839455413818359375e+01
-1.246923294067382812e+02 4.839056777954101562e+01
-1.246889877319335938e+02 4.838657760620117188e+01
-1.246856460571289062e+02 4.838259124755859375e+01
-1.246823120117187500e+02 4.837860107421875000e+01
-1.246789703369140625e+02 4.837461471557617188e+01
-1.246756362915039062e+02 4.837062454223632812e+01
-1.246722946166992188e+02 4.836663818359375000e+01
-1.246689605712890625e+02 4.836264801025390625e+01
-1.246656188964843750e+02 4.835865783691406250e+01
-1.246622848510742188e+02 4.835466766357421875e+01
-1.246589431762695312e+02 4.835067749023437500e+01
-1.246556091308593750e+02 4.834668731689453125e+01
-1.246522674560546875e+02 4.834269714355468750e+01
-1.246489334106445312e+02 4.833870697021484375e+01
-1.246455993652343750e+02 4.833471679687500000e+01
-1.246422576904296875e+02 4.833072662353515625e+01
-1.246389236450195312e+02 4.832673645019531250e+01
-1.246355819702148438e+02 4.832274627685546875e+01
-1.246322479248046875e+02 4.831875228881835938e+01
-1.246289138793945312e+02 4.831476211547851562e+01
-1.246255722045898438e+02 4.831077194213867188e+01
-1.246222381591796875e+02 4.830677795410156250e+01
-1.246189041137695312e+02 4.830278778076171875e+01
-1.246155624389648438e+02 4.829879379272460938e+01
-1.246122283935546875e+02 4.829480361938476562e+01
-1.246088943481445312e+02 4.829080963134765625e+01
-1.246055526733398438e+02 4.828681564331054688e+01
-1.246022186279296875e+02 4.828282165527343750e+01
-1.245988845825195312e+02 4.827883148193359375e+01
-1.245955505371093750e+02 4.827483749389648438e+01
-1.245922164916992188e+02 4.827084350585937500e+01
-1.245888748168945312e+02 4.826684951782226562e+01
-1.245855407714843750e+02 4.826285552978515625e+01
-1.245822067260742188e+02 4.825886154174804688e+01
-1.245788726806640625e+02 4.825486755371093750e+01
-1.245755386352539062e+02 4.825087356567382812e+01
-1.245722045898437500e+02 4.824687957763671875e+01
-1.245688629150390625e+02 4.824288177490234375e+01
-1.245655288696289062e+02 4.823888778686523438e+01
-1.245621948242187500e+02 4.823489379882812500e+01
-1.245588607788085938e+02 4.823089599609375000e+01
-1.245555267333984375e+02 4.822690200805664062e+01
-1.245521926879882812e+02 4.822290802001953125e+01
-1.245488586425781250e+02 4.821891021728515625e+01
-1.245455245971679688e+02 4.821491622924804688e+01
-1.245421905517578125e+02 4.821091842651367188e+01
-1.245388565063476562e+02 4.820692062377929688e+01
-1.245355224609375000e+02 4.820292663574218750e+01
-1.245321884155273438e+02 4.819892883300781250e+01
-1.245288543701171875e+02 4.819493103027343750e+01
-1.245255203247070312e+02 4.819093322753906250e+01
-1.245221939086914062e+02 4.818693923950195312e+01
-1.245188598632812500e+02 4.818294143676757812e+01
-1.245155258178710938e+02 4.817894363403320312e+01
-1.245121917724609375e+02 4.817494583129882812e+01
-1.245088577270507812e+02 4.817094802856445312e+01
-1.245055236816406250e+02 4.816695022583007812e+01
-1.245021972656250000e+02 4.816295242309570312e+01
-1.244988632202148438e+02 4.815895462036132812e+01
-1.244955291748046875e+02 4.815495681762695312e+01
-1.244921951293945312e+02 4.815095520019531250e+01
-1.244888687133789062e+02 4.814695739746093750e+01
-1.244855346679687500e+02 4.814295959472656250e+01
-1.244822006225585938e+02 4.813896179199218750e+01
-1.244788742065429688e+02 4.813496017456054688e+01
-1.244755401611328125e+02 4.813096237182617188e+01
-1.244722137451171875e+02 4.812696456909179688e+01
-1.244688796997070312e+02 4.812296295166015625e+01
-1.244655456542968750e+02 4.811896514892578125e+01
-1.244622192382812500e+02 4.811496353149414062e+01
-1.244588851928710938e+02 4.811096572875976562e+01
-1.244555587768554688e+02 4.810696411132812500e+01
-1.244522247314453125e+02 4.810296630859375000e+01
-1.244488983154296875e+02 4.809896469116210938e+01
-1.244455642700195312e+02 4.809496307373046875e+01
-1.244422378540039062e+02 4.809096527099609375e+01
-1.244389114379882812e+02 4.808696365356445312e+01
-1.244355773925781250e+02 4.808296203613281250e+01
-1.244322509765625000e+02 4.807896041870117188e+01
-1.244289169311523438e+02 4.807496261596679688e+01
-1.244255905151367188e+02 4.807096099853515625e+01
-1.244222640991210938e+02 4.806695938110351562e+01
-1.244189376831054688e+02 4.806295776367187500e+01
-1.244156036376953125e+02 4.805895614624023438e+01
-1.244122772216796875e+02 4.805495452880859375e+01
-1.244089508056640625e+02 4.805095291137695312e+01
-1.244056243896484375e+02 4.804695129394531250e+01
-1.244022979736328125e+02 4.804294967651367188e+01
-1.243989715576171875e+02 4.803894805908203125e+01
-1.243956375122070312e+02 4.803494644165039062e+01
-1.243923110961914062e+02 4.803094482421875000e+01
-1.243889846801757812e+02 4.802694320678710938e+01
-1.243856582641601562e+02 4.802294158935546875e+01
-1.243823318481445312e+02 4.801893997192382812e+01
-1.243790054321289062e+02 4.801493835449218750e+01
-1.243756790161132812e+02 4.801093292236328125e+01
-1.243723526000976562e+02 4.800693130493164062e+01
-1.243690261840820312e+02 4.800292968750000000e+01
-1.243657073974609375e+02 4.799892807006835938e+01
-1.243623809814453125e+02 4.799492645263671875e+01
-1.243590545654296875e+02 4.799092102050781250e+01
-1.243557281494140625e+02 4.798691940307617188e+01
-1.243524017333984375e+02 4.798291778564453125e+01
-1.243490829467773438e+02 4.797891235351562500e+01
-1.243457565307617188e+02 4.797491073608398438e+01
-1.243424301147460938e+02 4.797090911865234375e+01
-1.243391113281250000e+02 4.796690368652343750e+01
-1.243357849121093750e+02 4.796290206909179688e+01
-1.243324584960937500e+02 4.795890045166015625e+01
-1.243291397094726562e+02 4.795489501953125000e+01
-1.243258132934570312e+02 4.795089340209960938e+01
-1.243224945068359375e+02 4.794688796997070312e+01
-1.243191680908203125e+02 4.794288635253906250e+01
-1.243158493041992188e+02 4.793888473510742188e+01
-1.243125228881835938e+02 4.793487930297851562e+01
-1.243092041015625000e+02 4.793087768554687500e+01
-1.243058853149414062e+02 4.792687225341796875e+01
-1.243025588989257812e+02 4.792287063598632812e+01
-1.242992401123046875e+02 4.791886520385742188e+01
-1.242959213256835938e+02 4.791486358642578125e+01
-1.242925949096679688e+02 4.791085815429687500e+01
-1.242892761230468750e+02 4.790685653686523438e+01
-1.242859573364257812e+02 4.790285110473632812e+01
-1.242826385498046875e+02 4.789884948730468750e+01
-1.242793197631835938e+02 4.789484405517578125e+01
-1.242760009765625000e+02 4.789084243774414062e+01
-1.242726821899414062e+02 4.788683700561523438e+01
-1.242693634033203125e+02 4.788283538818359375e+01
-1.242660446166992188e+02 4.787882995605468750e+01
-1.242627258300781250e+02 4.787482833862304688e+01
-1.242594070434570312e+02 4.787082290649414062e+01
-1.242560882568359375e+02 4.786682128906250000e+01
-1.242527694702148438e+02 4.786281967163085938e+01
-1.242494583129882812e+02 4.785881423950195312e+01
-1.242461395263671875e+02 4.785481262207031250e+01
-1.242428207397460938e+02 4.785080718994140625e+01
-1.242395019531250000e+02 4.784680557250976562e+01
-1.242361907958984375e+02 4.784280014038085938e+01
-1.242328720092773438e+02 4.783879852294921875e+01
-1.242295608520507812e+02 4.783479690551757812e+01
-1.242262420654296875e+02 4.783079147338867188e+01
-1.242229309082031250e+02 4.782678985595703125e+01
-1.242196121215820312e+02 4.782278442382812500e+01
-1.242163009643554688e+02 4.781878280639648438e+01
-1.242129821777343750e+02 4.781478118896484375e+01
-1.242096710205078125e+02 4.781077575683593750e+01
-1.242063598632812500e+02 4.780677413940429688e+01
-1.242030487060546875e+02 4.780277252197265625e+01
-1.241997299194335938e+02 4.779877090454101562e+01
-1.241964187622070312e+02 4.779476547241210938e+01
-1.241931076049804688e+02 4.779076385498046875e+01
-1.241897964477539062e+02 4.778676223754882812e+01
-1.241864852905273438e+02 4.778276062011718750e+01
-1.241831741333007812e+02 4.777875900268554688e+01
-1.241798629760742188e+02 4.777475738525390625e+01
-1.241765518188476562e+02 4.777075195312500000e+01
-1.241732406616210938e+02 4.776675033569335938e+01
-1.241699295043945312e+02 4.776274871826171875e+01
-1.241666259765625000e+02 4.775874710083007812e+01
-1.241633148193359375e+02 4.775474548339843750e+01
-1.241600036621093750e+02 4.775074386596679688e+01
-1.241567001342773438e+02 4.774674224853515625e+01
-1.241533889770507812e+02 4.774274444580078125e+01
-1.241500854492187500e+02 4.773874282836914062e+01
-1.241467742919921875e+02 4.773474121093750000e+01
-1.241434707641601562e+02 4.773073959350585938e+01
-1.241401596069335938e+02 4.772673797607421875e+01
-1.241368560791015625e+02 4.772274017333984375e+01
-1.241335525512695312e+02 4.771873855590820312e+01
-1.241302413940429688e+02 4.771473693847656250e+01
-1.241269378662109375e+02 4.771073913574218750e+01
-1.241236343383789062e+02 4.770673751831054688e+01
-1.241203308105468750e+02 4.770273971557617188e+01
-1.241170272827148438e+02 4.769874191284179688e+01
-1.241137237548828125e+02 4.769474029541015625e+01
-1.241104202270507812e+02 4.769074249267578125e+01
-1.241071166992187500e+02 4.768674468994140625e+01
-1.241038131713867188e+02 4.768274307250976562e+01
-1.241005172729492188e+02 4.767874526977539062e+01
-1.240972137451171875e+02 4.767474746704101562e+01
-1.240939102172851562e+02 4.767074966430664062e+01
-1.240906143188476562e+02 4.766675186157226562e+01
-1.240873107910156250e+02 4.766275405883789062e+01
-1.240840148925781250e+02 4.765875625610351562e+01
-1.240807113647460938e+02 4.765475845336914062e+01
-1.240774154663085938e+02 4.765076065063476562e+01
-1.240741195678710938e+02 4.764676666259765625e+01
-1.240708160400390625e+02 4.764276885986328125e+01
-1.240675201416015625e+02 4.763877105712890625e+01
-1.240642242431640625e+02 4.763477706909179688e+01
-1.240609283447265625e+02 4.763078308105468750e+01
-1.240576324462890625e+02 4.762678527832031250e+01
-1.240543365478515625e+02 4.762279129028320312e+01
-1.240510406494140625e+02 4.761879730224609375e+01
-1.240477447509765625e+02 4.761479949951171875e+01
-1.240444564819335938e+02 4.761080551147460938e+01
-1.240411605834960938e+02 4.760681152343750000e+01
-1.240378646850585938e+02 4.760281753540039062e+01
-1.240345764160156250e+02 4.759882736206054688e+01
-1.240312805175781250e+02 4.759483337402343750e+01
-1.240279922485351562e+02 4.759083938598632812e+01
-1.240247039794921875e+02 4.758684921264648438e+01
-1.240214080810546875e+02 4.758285522460937500e+01
-1.240181198120117188e+02 4.757886505126953125e+01
-1.240148315429687500e+02 4.757487106323242188e+01
-1.240115432739257812e+02 4.757088088989257812e+01
-1.240082550048828125e+02 4.756689071655273438e+01
-1.240049667358398438e+02 4.756290054321289062e+01
-1.240016784667968750e+02 4.755891036987304688e+01
-1.239983901977539062e+02 4.755492019653320312e+01
-1.239951095581054688e+02 4.755093002319335938e+01
-1.239918212890625000e+02 4.754694366455078125e+01
-1.239885406494140625e+02 4.754295349121093750e+01
-1.239852523803710938e+02 4.753896713256835938e+01
-1.239819717407226562e+02 4.753497695922851562e+01
-1.239786834716796875e+02 4.753099060058593750e+01
-1.239754028320312500e+02 4.752700424194335938e+01
-1.239721221923828125e+02 4.752301788330078125e+01
-1.239688415527343750e+02 4.751903152465820312e+01
-1.239655609130859375e+02 4.751504898071289062e+01
-1.239622802734375000e+02 4.751106262207031250e+01
-1.239589996337890625e+02 4.750707626342773438e+01
-1.239557189941406250e+02 4.750309371948242188e+01
-1.239524459838867188e+02 4.749911117553710938e+01
-1.239491653442382812e+02 4.749512863159179688e+01
-1.239458923339843750e+02 4.749114608764648438e+01
-1.239426116943359375e+02 4.748716354370117188e+01
-1.239393386840820312e+02 4.748318099975585938e+01
-1.239360656738281250e+02 4.747919845581054688e+01
-1.239327926635742188e+02 4.747521972656250000e+01
-1.239295196533203125e+02 4.747123718261718750e+01
-1.239262466430664062e+02 4.746725845336914062e+01
-1.239229736328125000e+02 4.746327972412109375e+01
-1.239197006225585938e+02 4.745930099487304688e+01
-1.239164276123046875e+02 4.745532608032226562e+01
-1.239131622314453125e+02 4.745134735107421875e+01
-1.239098892211914062e+02 4.744736862182617188e+01
-1.239066238403320312e+02 4.744339370727539062e+01
-1.239033508300781250e+02 4.743941879272460938e+01
-1.239000854492187500e+02 4.743544387817382812e+01
-1.238968200683593750e+02 4.743146896362304688e+01
-1.238935546875000000e+02 4.742749786376953125e+01
-1.238902893066406250e+02 4.742352294921875000e+01
-1.238870239257812500e+02 4.741955184936523438e+01
-1.238837661743164062e+02 4.741558074951171875e+01
-1.238805007934570312e+02 4.741160964965820312e+01
-1.238772430419921875e+02 4.740763854980468750e+01
-1.238739776611328125e+02 4.740366744995117188e+01
-1.238707199096679688e+02 4.739970016479492188e+01
-1.238674621582031250e+02 4.739573287963867188e+01
-1.238642044067382812e+02 4.739176559448242188e+01
-1.238609466552734375e+02 4.738779830932617188e+01
-1.238576889038085938e+02 4.738383102416992188e+01
-1.238544311523437500e+02 4.737986755371093750e+01
-1.238511810302734375e+02 4.737590026855468750e+01
-1.238479232788085938e+02 4.737193679809570312e+01
-1.238446731567382812e+02 4.736797714233398438e+01
-1.238414230346679688e+02 4.736401367187500000e+01
-1.238381652832031250e+02 4.736005020141601562e+01
-1.238349151611328125e+02 4.735609054565429688e+01
-1.238316726684570312e+02 4.735213088989257812e+01
-1.238284225463867188e+02 4.734817123413085938e+01
-1.238251724243164062e+02 4.734421539306640625e+01
-1.238219299316406250e+02 4.734025955200195312e+01
-1.238186798095703125e+02 4.733630371093750000e+01
-1.238154373168945312e+02 4.733234786987304688e+01
-1.238121948242187500e+02 4.732839202880859375e+01
-1.238089523315429688e+02 4.732444000244140625e+01
-1.238057098388671875e+02 4.732048797607421875e+01
-1.238024673461914062e+02 4.731653594970703125e+01
-1.237992324829101562e+02 4.731258392333984375e+01
-1.237959899902343750e+02 4.730863571166992188e+01
-1.237927551269531250e+02 4.730468750000000000e+01
-1.237895202636718750e+02 4.730073928833007812e+01
-1.237862854003906250e+02 4.729679107666015625e+01
-1.237830505371093750e+02 4.729284667968750000e+01
-1.237798156738281250e+02 4.728890228271484375e+01
-1.237765808105468750e+02 4.728495788574218750e+01
-1.237733535766601562e+02 4.728101730346679688e+01
-1.237701263427734375e+02 4.727707672119140625e+01
-1.237668914794921875e+02 4.727313613891601562e+01
-1.237636642456054688e+02 4.726919555664062500e+01
-1.237604446411132812e+02 4.726525878906250000e+01
-1.237572174072265625e+02 4.726132202148437500e+01
-1.237539901733398438e+02 4.725738525390625000e+01
-1.237507705688476562e+02 4.725345230102539062e+01
-1.237475509643554688e+02 4.724951934814453125e+01
-1.237443313598632812e+02 4.724558639526367188e+01
-1.237411117553710938e+02 4.724165725708007812e+01
-1.237378921508789062e+02 4.723772811889648438e+01
-1.237346801757812500e+02 4.723379898071289062e+01
-1.237314605712890625e+02 4.722987365722656250e+01
-1.237282485961914062e+02 4.722594833374023438e+01
-1.237250366210937500e+02 4.722202301025390625e+01
-1.237218246459960938e+02 4.721810150146484375e+01
-1.237186126708984375e+02 4.721417999267578125e+01
-1.237154083251953125e+02 4.721025848388671875e+01
-1.237122039794921875e+02 4.720634078979492188e+01
-1.237089920043945312e+02 4.720242309570312500e+01
-1.237057952880859375e+02 4.719850921630859375e+01
-1.237025909423828125e+02 4.719459533691406250e+01
-1.236993865966796875e+02 4.719068145751953125e+01
-1.236961898803710938e+02 4.718677139282226562e+01
-1.236929931640625000e+02 4.718286132812500000e+01
-1.236897964477539062e+02 4.717895507812500000e+01
-1.236865997314453125e+02 4.717504882812500000e+01
-1.236834106445312500e+02 4.717114257812500000e+01
-1.236802139282226562e+02 4.716724014282226562e+01
-1.236770248413085938e+02 4.716333770751953125e+01
-1.236738357543945312e+02 4.715943908691406250e+01
-1.236706542968750000e+02 4.715554046630859375e+01
-1.236674652099609375e+02 4.715164566040039062e+01
-1.236642837524414062e+02 4.714775085449218750e+01
-1.236611022949218750e+02 4.714385986328125000e+01
-1.236579208374023438e+02 4.713996887207031250e+01
-1.236547470092773438e+02 4.713608169555664062e+01
-1.236515655517578125e+02 4.713219451904296875e+01
-1.236483917236328125e+02 4.712831115722656250e+01
-1.236452255249023438e+02 4.712442779541015625e+01
-1.236420516967773438e+02 4.712054824829101562e+01
-1.236388854980468750e+02 4.711666870117187500e+01
-1.236357192993164062e+02 4.711279296875000000e+01
-1.236325531005859375e+02 4.710892105102539062e+01
-1.236293869018554688e+02 4.710504913330078125e+01
-1.236262283325195312e+02 4.710117721557617188e+01
-1.236230697631835938e+02 4.709730911254882812e+01
-1.236199188232421875e+02 4.709344482421875000e+01
-1.236167602539062500e+02 4.708958435058593750e+01
-1.236136093139648438e+02 4.708572387695312500e+01
-1.236104583740234375e+02 4.708186340332031250e+01
-1.236073150634765625e+02 4.707801055908203125e+01
-1.236041641235351562e+02 4.707415771484375000e+01
-1.236010208129882812e+02 4.707030487060546875e+01
-1.235978851318359375e+02 4.706645965576171875e+01
-1.235947494506835938e+02 4.706261444091796875e+01
-1.235916137695312500e+02 4.705877304077148438e+01
-1.235884780883789062e+02 4.705493164062500000e+01
-1.235853500366210938e+02 4.705109786987304688e+01
-1.235822219848632812e+02 4.704726409912109375e+01
-1.235790939331054688e+02 4.704343032836914062e+01
-1.235759735107421875e+02 4.703960418701171875e+01
-1.235728530883789062e+02 4.703578186035156250e+01
-1.235697326660156250e+02 4.703195953369140625e+01
-1.235666198730468750e+02 4.702814102172851562e+01
-1.235635147094726562e+02 4.702432632446289062e+01
-1.235604019165039062e+02 4.702051544189453125e+01
-1.235572967529296875e+02 4.701670837402343750e+01
-1.235541992187500000e+02 4.701290512084960938e+01
-1.235511016845703125e+02 4.700910568237304688e+01
-1.235480041503906250e+02 4.700530624389648438e+01
-1.235449142456054688e+02 4.700151443481445312e+01
-1.235418243408203125e+02 4.699772644042968750e+01
-1.235387420654296875e+02 4.699394226074218750e+01
-1.235356597900390625e+02 4.699016189575195312e+01
-1.235325775146484375e+02 4.698638534545898438e+01
-1.235295104980468750e+02 4.698261260986328125e+01
-1.235264358520507812e+02 4.697884750366210938e+01
-1.235233688354492188e+02 4.697508621215820312e+01
-1.235203094482421875e+02 4.697132873535156250e+01
-1.235172576904296875e+02 4.696757507324218750e+01
-1.235141983032226562e+02 4.696382904052734375e+01
-1.235111541748046875e+02 4.696008682250976562e+01
-1.235081100463867188e+02 4.695635223388671875e+01
-1.235050735473632812e+02 4.695262145996093750e+01
-1.235020370483398438e+02 4.694889831542968750e+01
-1.234990158081054688e+02 4.694517898559570312e+01
-1.234959869384765625e+02 4.694146728515625000e+01
-1.234929733276367188e+02 4.693776321411132812e+01
-1.234899597167968750e+02 4.693406677246093750e+01
-1.234869613647460938e+02 4.693037796020507812e+01
-1.234839630126953125e+02 4.692669296264648438e+01
-1.234809722900390625e+02 4.692301940917968750e+01
-1.234779891967773438e+02 4.691935348510742188e+01
-1.234750137329101562e+02 4.691569900512695312e+01
-1.234720458984375000e+02 4.691205215454101562e+01
-1.234690856933593750e+02 4.690841674804687500e+01
-1.234661331176757812e+02 4.690479278564453125e+01
-1.234631958007812500e+02 4.690117645263671875e+01
-1.234602661132812500e+02 4.689757919311523438e+01
-1.234573516845703125e+02 4.689399337768554688e+01
-1.234544448852539062e+02 4.689041900634765625e+01
-1.234515533447265625e+02 4.688686752319335938e+01
-1.234486770629882812e+02 4.688333129882812500e+01
-1.234458160400390625e+02 4.687981796264648438e+01
-1.234429855346679688e+02 4.687632751464843750e+01
-1.234401702880859375e+02 4.687287139892578125e+01
-1.234373855590820312e+02 4.686944961547851562e+01
-1.234346389770507812e+02 4.686606979370117188e+01
-1.234319686889648438e+02 4.686278915405273438e+01
-1.234294357299804688e+02 4.685966491699218750e+01
